id,book,source_file,source_chapter,source_text,wisdom_title,wisdom_text,theme_tags
SXGJ001,《上下古今谈》,001.从《秀嫚信箱》到《上下古今谈》.txt,从《秀嫚信箱》到《上下古今谈》,"所谓《秀嫚信箱》，它的真正意义不单在“信箱”的执笔人写些什么，同样重要或更重要的，是“信箱”执笔人以她的身份和地位向人们宣示些什么。换句话说：《秀嫚信箱》的意义，不止于普通的一个“信箱”主持人的意见表达。它的意义，是告诉人们“刘秀嫚的意见”，告诉人们以我刘秀嫚的身份和地位，要说些什么。
这种分际，就是一个“普通人说”或“什么什么‘夫人’说”，跟“刘秀嫚说”的分际，它们对群众的影响力，是绝对不同的。换种说法，就是“刘秀嫚说”的影响力，要比一般阿猫阿狗的“方块”或“信箱”来得大；刘秀嫚的“说服力”，要比一般文字的效果来得多。
但是，对刘秀嫚今天所处的地位来说，我老是觉得她可以多做点什么，更积极地做点什么。她对群众的意义，不该只是一个“孝顺的孩子”、一个“努力的大学生”、一个“技巧熟练的广播节目主持人”，或是一个“小周璇式的女歌手”。她个人的行动，除了表演、访问、劳军、剪彩、广播剧、散发签名照片等等以外，似乎应该更进一步，为广大的中国群众做点更积极而有意义的好事。只有这样发展，才更能配得起她的善良和美丽、才更能衬得住她那块“中国小姐”“环球小姐”的招牌、才不辜负她的“小偶像”的地位、才对得住我们青年朋友对她的殷切期望。只有这样发展，刘秀嫚才能在平凡中孕育伟大、孕育永恒的伟大。",有影响力的人不能只做花瓶,李敖借刘秀嫚说明，有名气、有受众、有亲和力的人若只把自己放在花瓶、专业人或自了汉的位置上，就是浪费公共能量。人生有时不是先等自己变成圣贤才出手，而是在已有的影响力里多问一句：我能不能把别人的注意力转成一点真实的公共好处。,公共责任;影响力;自我定位
SXGJ002,《上下古今谈》,001.从《秀嫚信箱》到《上下古今谈》.txt,从《秀嫚信箱》到《上下古今谈》,"在中国传统的观念中，一个女人的路线，只是“贤妻良母”的路线。这是一条单行道，一条非常狭窄的单行道。夹在这条单行道两边的，是丈夫的拖鞋、子女的尿布、厨房的锅碗瓢盆、邻居的八舌七嘴。故中国的女性，只是男人的附属品，她的一切生老病死、富贫荣枯，都以丈夫的变化为函数。她自己，并没有真正的自己。中国的传统观念，也从不允许女人有她的自己。传统的女人，在“贤妻良母”以外，多认识一些字，多写一首小词小令，已属难得，并且也接近“大逆不道”的边缘，因为“女子无才便是德”。女子的“完成”，并不以“才”为充要条件，甚至“才”还是她“不守妇道”的张本。所以流风所及，中国历史上至多只有伟大的“母性”，并没有伟大的“女性”。中国历史上不会有“女思想家”、“女社会改革家”、“女叛徒”、“女飞行家”……中国的传统不鼓励女人去走这些路，要走也走不成。中国的女人不论长得多么高，也要被男人踩在肩膀上。正所谓女高一尺，男也高一尺，因为女人那一尺，就是间接为男人高的。
但是物极必反，天道好还。近百年来欧风美雨的吹打，女人的地位竟告普遍抬头。在整个世界的女人“蠢动”趋势里，中国的娘儿们自然也不例外。中国的阴性们逐渐知道她们的力量是非同小可的，她们逐渐知道她们美丽的力量、阴柔的力量、教化的力量、表演的力量，以及和平改革的力量了。她们逐渐知道许多男人费力办不到的事，她们居然可以轻易地办到了。试看“十四万人”的男子汉，不能使英国侨民看到青天白日旗；可是一个李秀英，却可使英国鬼子把中国国旗升上去。这种“佳人的力量”，岂不活生生的教我们男人脸红吗？这种伟大的成绩，岂不是铁的事实嘛？",女性不必困在贤妻良母的单行道,文中把女性从传统的贤妻良母框架里松绑出来，强调美貌、智慧、传播力和社会行动都可以成为新的英雄道路。一个人不必把既定角色当命运，尤其不必为了合群而缩小自己；真正的成熟，是把社会给你的标签变成可选择的材料，而不是终身监牢。,女性自主;角色突破;自我实现
SXGJ003,《上下古今谈》,001.从《秀嫚信箱》到《上下古今谈》.txt,从《秀嫚信箱》到《上下古今谈》,"有过“新思想”与“新知识”训练后的刘秀嫚，再出面主持任何节目、任何信箱，必然都得心应手，颠倒众生。那时候的群众思想，将都贯注在她的焦点之上，以她的思想动向为转移，美人步亦步、美人趋亦趋，对国家的贡献、民智的洞开，将有意想不到的奇效。
我上面这种议论，实际上有我的推理根据。凡是稍懂群众心理的人，都可知道“唤起民众”的方法，绝不是硬朝他们喂“党八股”跟“清一色思想的药丸”。我们必须引起他们的兴味，然后施以正规教育和机会教育。我们必须深通“大众传播”——居浩然先生译为“大众交道”——的一切原理和技术，借助于一切有效的工具（如文字、书籍、传单、壁报、杂志、报纸、演说、广播、电视、电影、幻灯、画展、博览会、交通设备等），普遍的、深入浅出的，展开思想上的明示或暗示工作，用来变化群众的思路与气质，一齐走向现代化的道路。在这种“唤起民众”的大目标下，我们必须放弃学院派的枯燥论文，放弃书呆子的愚笨面孔，放弃一本正经的不通文字，转而走向“挑逗大众”的路线、吸引大众的路线。使他们放弃孔夫子孟夫子程夫子朱夫子，放弃释迦基督黄三太二郎神，放弃牛克思马克思猪克思羊克思，转而对我们着迷，为我们沉醉。这样子的“挑逗”和“吸引”，有时候，学院里或深山里的思想家们，必须向“中国小姐”或“电影明星”一类的人物学习学样。看他们是那样的受欢迎，然后会觉得自己不被欢迎乃是一种耻辱——这只证明了学者同思想家们跟群众脱节，并不值得孤高自傲。
在目前的世界趋势里，真正能“唤起民众”的人，大部分都是学者和思想家以外的人物，这些人物出面来鼓吹学者和思想家的意见，所收的效果，要在比例上大得多。马龙白兰度出面主张废止死刑、查尔赫斯顿出面主张黑白平等、法兰克辛纳屈出面关切总统选举……这些举动，都容易引起天下风从的效果，都比什么专家什么学者的呼吁来得灵。大事如此，小事又何独不然？一个“黑人牙膏”，牙医师的千言万语郑重推荐，远赶不上“凌波小姐也爱用黑人牙膏”一句话；而“黑人牙膏”再加上“乐蒂小姐也爱用”，效果也就更周全——至少看过《梁山伯与祝英台》的影迷，此生再也不敢反对“黑人牙膏”了！",传播真理要先懂得吸引群众,李敖提醒学者和知识人不要只会在小圈子里自我满足，真正要影响社会，就得学习怎样让大众愿意靠近。道理再好，若无人愿听，也只是书房里的独白；把深意说得有人看、有人笑、有人愿意继续想，是公共表达的一部分本领。,传播能力;群众意识;表达方法
SXGJ004,《上下古今谈》,001.从《秀嫚信箱》到《上下古今谈》.txt,从《秀嫚信箱》到《上下古今谈》,"我的青年朋友何秀煌先生，最近在《文星丛刊》第168号，出了一册《现代社会与现代人》。在书里，他重印了一篇叫做《我们应该打破容忍与沉默》的好文章，他说：
我们处在一个社会价值正在崩溃的过程当中，社会上已经没有什么“真理”、什么“正义”，因而更没有什么“理直气壮”“仗义执言”了。我们有的只是全心的容忍与一片沉默。
依我看来，这样的容忍与沉默是一种可怕的记号，而不是一种可喜的表征。它指出生活在这个社会里的众人之间，缺乏一种内向的聚力和共同努力的方向。大家已经放弃对于社会的关心、放弃对于社会的冀望。大家只是因为碰巧生在这个社会，因而才做着最低程度的求生挣扎。其他有关公益、有关大众的事，他们早已因受挫折太多而灰心了。所以，对于许许多多不平的事他们出以容忍、处以沉默。这种令人忧心的容忍绝不是胡适所说的“就是自由”，这种发人深省的沉默也绝不是西谚所说的“就是金子”。我们应该深深体认“哀莫大于心死”的古训，我们实在是一群死了心的人。
我提出这些零星的例子是要把它们用一条线串联起来。那条线就是一种打破盲目的容忍与沉默的呼吁。我们经常遇到许多可以努力改善的事例，可是因为沉湎于“容忍”与“沉默”的腐朽道德，因此成败之间失之交臂。如果我们能够“言其所该言”“行其所该行”，那么是非或许会更分明，“正义”或许会被伸张。反之，如果我们一味地容忍、一味地沉默下去，那么渐渐地权势就是一切，力量变成真理。",容忍和沉默会把权势养成真理,书中说社会最可怕的信号之一，是该说话的人不说话，该行动的人不行动，久而久之，权势就会伪装成真理。人生中许多坏局面也不是一夜形成的，而是由一次次沉默让出来的；保留判断和勇气，才不至于让自己成为错误秩序的帮闲。,勇气;沉默代价;公共判断
SXGJ005,《上下古今谈》,001.从《秀嫚信箱》到《上下古今谈》.txt,从《秀嫚信箱》到《上下古今谈》,如果中国的学者和思想家以外的得人心的人物，能够出面关切思想运动、政治动向、社会改革，那么收效一定很大。尤其是一些有清望的人，如果他们能善用他们的清望，肯下海做好事，不轻易做人情面子的事，我们群体的进步一定来得更蓬勃、更快。就目前的环境说，有带头作用的老一辈和中年一辈的人物，实在已经少得可怜，而青年一辈又多在机会缺少的高压底下，爬不起来。因此偶尔有脱颖而出——不管是从哪一个路数脱颖而出——的青年一代，他们的责任，也就更来得重大，也就更不限于“独善其身”就算完事。换句话说，他们不应该仅仅是一个“作家”、一个“中国小姐”、一个“电影明星”、一个“企业家”。他们应该不仅仅是做佛经中的“自了汉”，应该联合起来，加做些别的、多说些别的。例如一个18世纪人权保障的老题目，值得大家全体注视；一个非法判决的死刑案件，值得大家一致声讨。在一个共进的群体里面，个人——尤其是有才智有地位的个人——不应该只限于“专业”上面的注意，他应该打破传统的什么明哲哲学，偏偏要走出来，多管些实际并不“闲”的“闲事”！,有清望的人更该下海做好事,李敖说有清望的人不该只接受称赞和社交光环，还要敢于下海做事。名声若只用来保护自己，最后会变成空壳；名声真正的价值，是让人更容易推动一件有益的事，也更应该承担不被误解就不会发生的责任。,清望;行动责任;公共事务
SXGJ006,《上下古今谈》,001.从《秀嫚信箱》到《上下古今谈》.txt,从《秀嫚信箱》到《上下古今谈》,"我应《台湾日报》发行人夏晓华先生之命，写《上下古今谈》的时候，我们的朋友张继高（吴心柳）先生对我说：“我包你写不过两个月！不到两个月，你们就会受到压力，而不得不停止。我愿跟你打赌。”
对张继高先生的“预言”，夏晓华先生不服气，我也不服气，我们不信。我们开玩笑说，至少要写它六十一天，要比张继高的“预言”多一天。于是《上下古今谈》便哗哩哗啦，开始上下古今地谈起来了。
这个专栏一出世，不出我们预料的，“外界的压力”立刻在四面八方飞来了。当然啦，这些“压力”是朝夏晓华先生头上飞的，而不是在我脑袋上转的。所以常常是在夏晓华先生费劲应付外界麻烦的时候，我正躺在家里睡大觉，并且睡得十分自在。睡醒以后，我挖着脚指头对我自己说：“管他妈的什么麻烦呀！你已经很窝囊了，夏晓华比你还窝囊。发表这些窝窝囊囊的文章，若还构成罪状，‘他们’真未免太小气了！看‘他们’满口仁义道德、自由民主，按说不像是小家子气的人呀？怎么一碰到我。‘他们’就小气起来了呢？”于是，我把臭脚丫子一踢，就起床写下一篇了。我懒得再想，写它一天算一天！
就这样的，我的《上下古今谈》从7月5号开始，一直写到8月27号，一天没断，足足写了54天。其中有《李敖不可怕》和《判案不是猜谜！》两篇，因故未能登出，所以一共是56篇。我把这56篇文章，稍加订正和复原，配上附录文字，就成为这本《上下古今谈》的小册子。",压力大时先把今天写出来,李敖写这个专栏时承认压力来得很快，却仍以一天一篇往前推。许多困难并不是等状态完美才处理，而是先把今天能完成的一小段做出来；连续的具体行动，常常比宏大的决心更能穿过压力。,执行力;压力管理;持续写作
SXGJ007,《上下古今谈》,002.开场白——“浪子”回头.txt,开场白——“浪子”回头,所谓“浪子”（Boheme），我的意思是指19世纪30年代以后的巴黎文人。他们从穷困中开创新境界，对恶劣的环境不满意、不屈服，任凭社会对他排挤，让他“浪”迹天涯，他仍是要把他的热情和抱负投向社会。他不在乎人们要跟他“相忘于江湖”，人们可以忘掉他，让他流浪，但他却不忘掉人们。他要震聋醒聩、要追击不舍。最后他要成功，要把社会改造，把人们叫醒。这是他的真精神。16年前，我家从中国大陆逃难到台湾中部，我蛰伏在台湾省立台中第一中学，是一个名副其实的小“浪子”。1954年，我没有资格拿到中学毕业证书，就开始朝北流浪。1959年，我离开台湾大学，走入军队，两年以后，我又重回台大做研究生，最后是不欢而散，——放弃了土硕士的文凭，直流浪到今天。,浪子精神是被排挤仍热情向世,李敖把浪子解释成不肯向坏环境投降的人：被视为不合群，却仍把热情投向社会，愿意用笔叫醒别人。人生里的独立不只是离群索居，更是在不被欢迎时仍保有介入现实的热度，不让失望把自己冷成旁观者。,独立精神;社会热情;不合群
SXGJ008,《上下古今谈》,003.破题——从《人间喜剧》说起.txt,破题——从《人间喜剧》说起,"当夏晓华先生订下《上下古今谈》的总题目，征求我同意的时候，我问他说：“56年前，吴稚晖先生曾写过一部《上下古今谈》，现在我们用同样的题目，会不会嫌重复了？”夏先生说：“时代变了，我们有我们的写法和看法。这是一个好题目，重复又有什么关系？”
我觉得夏先生的话也对，所以欣然采用了这个老题目。
回想半个世纪前，吴稚晖老头儿写《<上下古今谈>序》，说他的目的，在“欲与今之青年，上下于古今”。33年后，他又在《重印<上下古今谈>序》中说明写这部书的目的：“上下古今谈者，上下言宇宙，古今言历史。”可见吴稚老的本意中，《上下古今谈》乃是“宇宙”、“历史”都要谈的大题目。
在中国古书的解释中，上下古今的定义，实在就是宇宙万象的本身。《淮南子》里就有“往古来今谓之宙，四方上下谓之宇”的话，所以上下古今谈，实际就是宇宙谈。宇宙既包罗万象，所以宇宙谈也就等于是无所不谈。
夏晓华先生给了我这么一个又宽又广又纵贯的大题目，我真抖了！
吴稚老的《上下古今谈》，有它的时代意义。但是今天看来，不论文体、思路与内容，都难免落伍。这是时代的进步，并不是个人与原书的悲哀。王羲之《兰亭集序》里说得好：“后之视今，亦犹今之视昔。”56年以后——我86岁的时候，《台湾日报》19965号的时候——后生小子们重看我这些《上下古今谈》，岂不还是要大笑“李敖，那老混蛋”吗？",旧题目可以用新眼光重答,从巴尔扎克的题名谈起，李敖说明题目旧不旧并不重要，重要的是时代变了，眼光也要变。人生中很多问题会反复出现，真正的进步不是假装从未有人问过，而是在同一个题目上拿出新的经验、新的证据和新的胆识。,更新眼光;问题意识;时代变化
SXGJ009,《上下古今谈》,005.“古今”与骆驼.txt,“古今”与骆驼,"用上面这个“牵骆驼”的故事，来印证中国的民族病，最有意思。中国的一个民族病是“托古病”。中国人一说话，最爱上托古人。例如孔夫子牵尧舜为骆驼，卖草药；朱熹又牵孔夫子为骆驼，卖草药；钱穆又牵朱熹为骆驼，卖草药……又流风所及，“今”人总是爱牵“古”人为骆驼，卖那与骆驼毫不相干的草药。
所以，你读李敖的《上下古今谈》，你必须当心他在“牵骆驼”。因为“牵骆驼”，是他从湖北人身上学到的唯一坏习惯。",不要牵古人当骆驼卖自己的草药,李敖讽刺许多人用古人、典故、权威做骆驼，替自己不相干的主张撑场面。引用传统并不可耻，可耻的是用权威奇观遮住论证空洞；无论读书还是做人，真正要紧的是道理能不能独立站住，而不是背后牵了多少名人。,反权威包装;论证诚实;传统使用
SXGJ010,《上下古今谈》,006.“谈”什么？.txt,“谈”什么？,一、谈乡土——在不能上太空以前，乡土是我们生老病死、喜怒哀乐的园地，因此我们不能不“谈”它，不能不爱它、不了解它。我们不是狂热的“沙文主义者”（Chauvinist），也不是盲目的义和团，但是我们骨头烧成灰都是中国人，最后还要落叶归根，给中国的土地做肥料。在这个土地上，任何地区都是我们的乡土，我们不该有褊狭的地域观念。我有时候，爱站在北方人的立场开南方人的玩笑，但这只是玩笑而已。在我的心头，我知道我的祖籍在云南，而我在台湾的岁月，竟占了我这30年生命中的16年！因此，我更会像爱北方人一样的爱南方人，——尤其是南方女人。,爱乡土不能缩成地域小圈,李敖谈乡土时拒绝狭隘地域意识，认为爱一块土地不等于把自己关进小圈子。一个人可以珍惜出身、语言和故乡，但若把它们变成排他的边界，就会把情感变成偏见；真正的乡土感应当扩大人的承担，而不是缩小人的眼界。,乡土感;格局;反地域狭隘
SXGJ011,《上下古今谈》,006.“谈”什么？.txt,“谈”什么？,二、谈历史——中国是一个历史悠久的国家，别的历史悠久的国家（如巴比伦，如亚述）都完蛋了，可是中国不完蛋。不但不完蛋，并且，还背着一大堆历史向前迈进或蜗进。因此中国的历史，既是她的光荣，也是她的包袱。而中国人一举手一投足，写一个字或给死人烧一张纸，都受了深远的“历史尘”的辐射。所以我们若要了解她，非得跟她亲热亲热不可；亲热的捷径，则莫过于读我李某人的文章。,历史既给光荣也给包袱,文中把历史看成会向现实放射的力量：它有光荣，也有沉重包袱。理解历史不是为了把自己变成旧账本，而是知道哪些东西值得继承，哪些东西正在拖累今天；能分辨这一点，人才不会把负担误认为荣耀。,历史意识;继承与清理;自我辨别
SXGJ012,《上下古今谈》,006.“谈”什么？.txt,“谈”什么？,三、谈时潮——“时潮”（time and ride）是现代人必须关心的题目，不了解时代真相和世界潮流的人，只是《何典》中所谓的“活死人”、只是《拾遗记》中所谓的“行尸走肉”。这个世界上，人在没自杀以前，大概谁都不愿先做死人和尸体，谁都愿做一个活生生的大活人。因此时潮不得不“谈”。谈得愈多，殡仪馆的生意愈少；张启仲市长若早读我的文章，也就不会在台中文化中心区盖殡仪馆了！,现代人要关心时潮,李敖说现代人若不关心世界潮流和时间方向，就像行尸走肉。人生不能只靠惯性活着，因为外部世界不断改变，旧判断也会过期；保持对时潮的敏感，不是赶热闹，而是防止自己用昨天的地图走今天的路。,时代感;现代意识;学习更新
SXGJ013,《上下古今谈》,007.对“好人”播音.txt,对“好人”播音,"什么叫“退让恶路”？退让恶路是好人或以好人自许的人，用消极而退缩的办法，自承斗恶人不过，最后下台鞠躬，关门叹气，听任坏蛋们昏天黑地地乱搞。最后如张伯苓先生所说的：“这个年头儿，就是因为‘坏人都在台上唱戏，好人蹲在屋里叹气’，才愈来愈糟糕！”
对这个问题，我自己有更特殊的看法。我认为：天下坏事的造成，有两个原因，一个是“恶人做坏事”；另外一个是“好人容忍、坐视，甚至默许恶人做坏事”。结果呢？有能力或可能有能力的好人，在有机会或可能有机会的时候，放弃了打击恶人、阻止恶人做恶的行动。于是天下的坏事，也就一件一件的蔓延起来了。
今天的好人或以好人自许的人，他们最大的毛病，乃在消极有余，积极不足；叹气很多，悍气太少。结果他们所能做的，充其量只是“独善其身”而已，绝不是“普度众生”的好汉。但是最后，恶人并不因为好人消极叹气就饶了他们，恶人们还是要欺负好人、强奸好人，使他们连最起码的“独善其身”也善不好，连佛教中最低级的“自了汉”也做不成。最后只得与恶人委蛇，相当程度的出卖灵魂，帮着恶人“张其恶”或“扶同为恶”。这真是好人的悲哀！
今日中国的好人们，或是以好人自诩的人们，我们必须彻底认清好人的立场与使命，更要认清好人应该怎么做（不是怎么叹气），才算不是无能的“好好先生”或“烂好人”。我们要明白知道“退让恶路”的结果，是自己“无路可走”。不相信我的话的人，他们等着瞧吧！",好人退让坏路，最后会无路可走,李敖指出坏事不只由坏人造成，也由好人的容忍、沉默和退让放大。好人若总把路让给坏人，最后会发现自己连站脚之地都没有；善良不是退出战场，而是知道什么时候必须把界线画出来。,善良边界;勇气;反沉默
SXGJ014,《上下古今谈》,007.对“好人”播音.txt,对“好人”播音,美国的老罗斯福总统，曾主张说话和善而手中拿着根棒子。这无疑是说，好人要有力量。二次大战以后，爱因斯坦就此观点，呼吁善意与力量的结合，因为这种结合，是世界上最缺乏的一种结合。,善意要和力量结合,文中说好人不能只有善意，还要有能够保护善意的力量。单纯的好心若没有组织、知识、行动和抵抗能力，很容易被坏制度消化；把温厚和能力放在一起，善良才不只是个人修养，而能成为现实中的力量。,善意;力量;现实行动
SXGJ015,《上下古今谈》,008.不仅仅是做“好人”.txt,不仅仅是做“好人”,"我们深信中国所以败坏到这步田地，虽然有种种原因，但“好人自命清高”确是一个重要的原因。“好人笼着手，恶人背着走。”因此，我们深信……好人需要有奋斗的精神。凡是社会上的优秀分子，应该为自卫计、为社会国家计，出来和恶势力奋斗。
民国五六年以来，好人袖手看着中国分裂……看着军阀的横行，看着国家破产丢脸到这步田地！——够了！罪魁祸首的好人现在可以起来了！做好人是不够的，需要做奋斗的好人；消极的舆论是不够的，需要有决战的舆论。……
这几段话，可说是对“好人”的一个指针。所谓“好人自命清高”、所谓“好人笼着手”、所谓“好人袖手”等等态度，都是要不得的态度，甚至可说是乡愿的态度。单单“做好人是不够的，需要做奋斗的好人”。——这是好人或以好人自许的人，必须认清的一个大动向。
所谓“做奋斗的好人”，就是要挺身出来，向恶人和恶势力作战、向老朽和开倒车作战、向腐败的传统作战、向社会的黑暗作战、向群众的愚昧作战、向头脑不清的混蛋作战……“奋斗的好人”不会唉声叹气，不会“空兴叹”，不会长叹，也不会浩叹，他不会做这些无聊的弱者的哀鸣。他是一个战士——一个实际的战士，他要经常在“剃刀边缘”，打那诗人勃朗宁所谓的“最好的又最后的”一仗。
“奋斗的好人”当然可能被中伤、被诽谤、被消灭、被愚昧的天下所弃，可是这又有什么关系？在残酷的时代中，一个个人被轻易毁掉是很“当然”的事，他的肉体可能被活埋，但他的思想却永不会死掉。在你看不见想不到的时候、在你看不见想不到的地方，他所散布的种子，又要探头探脑起来了！",做好人不够，要做奋斗的好人,李敖把被动好人与奋斗好人区别开来，认为只求自己无害，仍可能纵容坏局面。人生的道德感不能停在不作恶，因为世界上很多恶正靠旁观者维持；能挺身、能坚持、能付代价的好，才有改变现实的可能。,奋斗;好人责任;行动伦理
SXGJ016,《上下古今谈》,009.大奶奶运动史.txt,大奶奶运动史,"今年青年节的晚上，在高雄县六龟乡的中庄，一个叫做陈廖犇的46岁女人，拿了一把大剪刀，咔嚓一声，把她年轻邻居女人的一只乳房剪掉了三分之一。她供述行凶的理由是：她这个年轻邻居的乳房太大了，大到足以诱惑她的丈夫的程度。为了防患于未然，不得不剪刀行事，去乳为快。
这种对大奶奶的嫉恨，在我们文明古国以外的地方，也有呼应。美国就有一个太太，订做了一套正好跟玛丽莲·梦露的胸围腰围尺码相反的乳罩和束腰，送给这个名女人。要她把乳房扣紧，把腰部放松，免得再到处“蜂其腰而鼓其乳”，勾引男人。
不论在中国在外国，女人都经过一段束胸的历史，都在装饰上，未曾大力强调过大奶奶的可爱。在中国，女人们胸部的解放是在民国以后的事，提倡风气的有被称为“性学博士”的张竞生，以及我们那位全世界见到女人乳房次数最少的“哲学博士”胡适。他们两位虽然都鼓吹“大奶奶主义”，但是后者曾被前者痛斥过一次，理由是胡适之对女人乳房的知识太差，所以闹了笑话。
在近代中国妇女运动史上，有两个重要的实际推动者：一个是冯玉祥，他对河南女人小脚的解放，用心最苦；另一个是朱家骅，他对广东女人乳房的解放，功劳最大。朱家骅在民国16年做广东省民政厅长，大力提倡“天乳运动”，惹得守旧的老广们大骂“丢你老妈唉”，埋怨这个“外江老”败坏广东地方的名教。但是朱家骅不管，还是要提倡，因为他深切了解束胸对国民健康的不良影响，他知道女人乳房的自由，是现代中国人所必须争取的自由之一。
由于时代的进步，女人们对乳房的保养与美化也愈来愈积极，从钢丝胸罩到隆乳按摩，再到所谓乳房真空扩大器，名堂百出，唯大是尚。乳房的自由已经发展到如日中天，宪法里所列举的种种自由（如言论自由等等），没有任何一条的发展能够凌大奶奶而上之，也没有任何一个机关敢订立一种“惩治大奶奶条例”来控制大奶奶，或散发剪刀来剪我们可爱的大奶奶。这是时代的进步，也是自由中国的自由，我们千万不要忘记。",身体自由不能由嫉妒和道德剪刀裁剪,李敖借女性身体和服饰禁忌谈自由，反对用嫉妒、羞耻或道德名义去控制别人的身体。一个人对自己身体的处置权，是自由最切近的部分；越是日常的穿着和身体选择，越能测出社会是否真愿意尊重个体。,身体自主;自由;反道德控制
SXGJ017,《上下古今谈》,011.“赤子之心”？.txt,“赤子之心”？,"在习惯上，我们常常运用的一些词汇和论证，一经推敲起来，便问题横生。
最大的问题是，我们中国的许多词句，语意非常含混，不像西方文字那样不含糊（unambiguous），那样不能做两三样的解释。所以中国的文章不是科学的文章，用中文来写纯科学的论述，许多时候都会无法表达。
中文的最大本领，乃在于善做莫名其妙浑浑噩噩的玄学魔术，把一些不知所云的抽象名词排列组合起来，表达一种混沌的思想。这种混沌的思想，稍一经过科学的论证，便要矛盾狂泻，一塌糊涂。
在我李敖眼中，“赤子”和“赤子之心”的境界，是经不得严格的批评的。因为在语意学上，它们首先犯了“定义思考”（definition thinking）的毛病。“赤子”和“赤子之心”所囊括的意义，并不是完全是“好”的。换句话说，这些“不学而能，不虑而知”的自然禀赋，并不完全是值得提倡的。天真可爱固然是“赤子”，但是从妈妈怀里抢奶头的，又何尝不是“赤子”？抢到奶头，又握住另外一个奶头不许哥哥吃的，又何尝不是“赤子”？此外如无知、如破坏性、如乱闹脾气、如乱咬人打架、如妒忌、如偷东西、如对小动物残忍、如无恻隐之心、如无羞恶之心、如无是非之心等等，又何尝不是“赤子”干的事？
所以我觉得，“赤子之心”实在不是什么高明的境界，实在是我们不该滥用的一个鬼观念。",好听抽象词要接受定义检验,李敖拆解赤子之心，提醒人们别被漂亮词汇迷住，因为婴儿的所谓纯真也包含自私和残忍。人生中越是悦耳的抽象词，越要追问它指什么、不指什么；不能定义的美德，很容易变成逃避判断的烟幕。,概念澄清;理性;反空话
SXGJ018,《上下古今谈》,012.没良心.txt,没良心,"所谓“良心”，是古今中外人士最爱谈的一个大题目，也是一个十分不通的大题目。我所以说这个题目不通，乃是因为“良心”是根本不存在的。一般人误以为人类先天性有“良知良能”、有“是非判断”……其实这些都是根本没有的，——这些统统都是后天习俗与教育的产物，标准也因时空环境而不同。例如：中国的女人，会因丈夫讨小老婆而大骂丈夫“没良心”；可是沙特阿拉伯的女人呢？却会因丈夫没讨小老婆而大骂丈夫“没良心”。可见“良心”云云，实在是后天学到的传统标准，并不是什么得天独厚的宝贝。
因此，当一个人用“凭良心”做标准来做人处世的时候，他一定该当心，该仔细检讨检讨这个“良心”是什么？检讨以后，他自然会发现这个抽象名词所代表的意义，实在非常含混、非常模糊不清。如果他稍有方法学的训练，他会很容易就发现，所谓“良心”，只是传统标准的反射而已；所谓“受良心驱使”、“受良心责备”等等，也只不过是受传统标准的驱使和责备罢了！
基于这种认识，当我们看到《中国记者信条》第八条所谓“凡良心未安，誓不下笔”等话的时候，我们便会觉得可笑了；又当我们看到台北市警察局长发布函件中第八项所谓“要本着良心办事”等话的时候，我们更会觉得可笑了。
做为新时代的知识分子，我们该用知识和理智去订立新标准、去判断是非善恶，不该再用“良心”一类的不通词汇来判断。我希望我们是“没良心的”（conscienceless）一代，那个时候，我们所作所为，大概也不至于“丧尽天良”吧？",良心不是标准，理性才会校准良心,李敖认为良心并非天生可靠的宝物，它常由习俗和训练塑造，因此不能把凭良心当作最高判断。真正可靠的做法，是用知识、事实和理性不断校准自己的内在标准；否则所谓良心，也可能只是旧偏见换了温柔名字。,良心;理性标准;自我校准
SXGJ019,《上下古今谈》,013.可怕的哥哥.txt,可怕的哥哥,"女主角的二哥犯法以后，她的大哥又出面了。大哥和她的父亲公然招待记者，同时把女主角带来，夹在他们父子两人中间，叫她公开否认她对检察官所说的陈老师“并未非礼”，及她“愿意受医生检查以证清白”等话。她的大哥和爸爸，当着她和记者的面，公然演说陈老师对她“猥亵行为”的细节，从用手到用嘴，从动作到次数，都描写得如真如绘如身历其境，害得女生角当时无地自容有口难辩。此外，她的大哥所作所为还不止此，他又硬拉着妹妹的手，把这个哭哭啼啼的女孩子直推到台北中山北路的徐妇产科医院，——要检查！结果，明智的医生拒绝了这个荒谬的行径，她的大哥出来以后，对记者说：“陈占美与傅女发生关系时，只是在外面碰碰，并没有直接进去！”
这个案子目前还要发展下去，可是我已经懒得再观察它，我只觉得它呈现给我们的事实与痕迹，已经荒谬十足了。试问女主角即使经医生“验明正身”了以后，又怎么样？处女膜的破不破，从科学观点来看，并不能证明处女的是与否；有许多女孩子，在没性交以前，处女膜就破了的；又有许多妓女，虽然整天性交，可是此膜依然健在，这又怎么说呢？在这个案子中，真正的关键是女主角本人的“恋爱自由权”、“性交自由权”被干扰、被侵犯的问题。当我们认清了这个问题的关键所在，我们再回头看这样的哥哥和这样的表现，我们就不得不指出他们的作风是越权而丑恶的了。
在三千年前，在古人的诗句里，我们看到那喜爱“将仲子”的女郎，曾有“仲可怀也！诸兄之言，亦可畏也！”的感叹；可是三千年后呢？我们新时代的“诸兄”，不但把“将仲子”毁容，并且在光天化日之下，把自己的妹妹拖入处女膜检查院！这种恶劣，这种残忍，这种专制时代“父权”、“兄权”的可耻遗痕，我们想不到在中华民国五十四的7月里，全套呈现在我们眼前。我们悲愤，我们要谴责、要抗议。",亲属保护不能越界成身体审问,苗栗事件中，李敖批判兄长和父亲以家族名义羞辱、逼迫女性，甚至想用伪科学的身体证据审问贞操。亲情和保护一旦越过个人自由，就会变成家内专制；家人最该守住的不是面子，而是承认成年人有选择爱情、承担后果、免受羞辱的权利。,亲情边界;女性自由;身体尊严;反私刑
SXGJ020,《上下古今谈》,014.好汉做事好汉当.txt,好汉做事好汉当,"流氓皇帝刘邦很看不起张敖。在公元前200年的时候，刘邦到赵国去，把张敖指着鼻子大骂了一顿，张敖吓得不敢讲话，可是他的左右看不过去了，当时有个名叫贯高的，他带头计划，决心谋刺刘邦。但是事机不密，被刘邦知道了，于是大抓人特抓人。这些谋刺的人们知道反正活不成了，于是纷纷自杀，独有一个人例外，那就是贯高。
贯高不但不自杀，反倒大骂那些自杀的人，他的理由是：我们计划行刺，赵王张敖并不知道，可是这回刘邦连张敖都抓去了，我们这些惹祸的人若全死了，还有谁来证明张敖的清白呢？
于是贯高被刘邦抓去，大加修理，修理得全身都是伤，没有一块完整的肉可以用刑了。可是他还是不肯攀供，还是流着血咬着牙说张敖是无辜的。他这种精神，使刘邦很奇怪，于是找了贯高的一个老朋友去套他的话，问他张敖到底知不知情？贯高说：“谁不爱自己的父母妻子呢？可是他们都因为我谋刺而活不成了！我若说是赵王张敖首谋，我的父母妻子都可以减罪。我爱父母妻子当然胜过爱赵王，可是我不能为了自私的缘故而诬攀好人，我要好汉做事好汉当。”
贯高的朋友走出监狱，立刻报告给刘邦，说赵王张敖实在没参加行刺的计划，而贯高也实在够朋友、够义气。刘邦听了，很感动，决定放张敖自由，并且也赦免贯高。
贯高听说这个消息以后，想到跟他一起行刺的朋友都死了，他也义无生理，于是也自杀了。
贯高的精神充分表示了“好汉做事好汉当”的精神。一个人做了事，敢做敢当，绝不狡赖，这是真正的大丈夫。
可是，今日自命为读古书的人，写文章闯了祸，却没有敢做敢当的气概。他们做了大学教授，写了诽谤别人为疯狗一类的下流文字，却没有公开承认的勇气。他们要在法庭上，在来旁听的自己学生的面前，公然狡赖得一干二净。他们这种不认账的“精神”，比起贯高的伟大精神来，真可“相映成趣”了。",做事要敢当，不拿别人垫背,李敖借贯高故事强调，真正的好汉不靠诬攀别人来保全自己。人生里许多考验不是问你有没有做成大事，而是问出事时肯不肯承认自己的选择；把责任推给旁人，即使躲过一时，也会把人格赔进去。,担当;责任;人格
SXGJ021,《上下古今谈》,015.“好汉”与负责.txt,“好汉”与负责,"汉朝贯高的精神是“好汉做事好汉当”。所谓“好汉做事”，有时候是把事做得功德圆满，有时候却把事做得一败涂地，在做得一败涂地的时候，做“好汉”的，就该挺身出来，做负责的表示，他不该东推西托，不该拆下滥污让别人来收拾。换句话说，他不该让别人替他“擦屁股”。大丈夫有屁股自己擦，为什么要别人擦？
所谓“好汉”，一般人的观念多以为是荆轲、聂政、朱家、郭解者流，其实绝不尽然。这些人，多是韩非子所说的“以武犯禁”的任侠式人物，他们缺乏守法的习惯。他们有的，多是一朝之忿和匹夫之勇，所以他们在社会上，很容易留下烂摊子让人来“擦屁股”。
另有一种“好汉”，他们可说是真正的“好汉”，他们对个人所作所为，绝对负完全的责任。负责的程度，甚至超过了法律上所应负的限度。例如美国的幽默大师马克·吐温（Mark Twain），便是这类“好汉”的最佳典型。
马克·吐温在19世纪70年代，在美国报纸上写文章，言论挖苦而激烈，最后因为骂火了旧金山的警察局长，打起了诽谤官司。但是他绝不在乎，一个报纸无法用他的文章，他再换另外一个报；另一个报吃他不消了，他又跑到杂志上去一泻千里。最后他发了点小财，居然做起出版的生意，还要心血来潮，投资制造新式蒸汽机、蒸汽滑车，以及什么鬼排字机之类。但是因为他毕竟是纯粹的文人，不该投资的地方，花了不少冤枉钱；而在该投资的地方（如贝尔的电话机），反倒看不准，结果亏得一败涂地，在59岁时宣告破产。
宣告破产是法律上面的事；宣告以后，法律上虽然可以不再还钱，可是在“好汉”作风上，却未免遗憾。于是马克·吐温宣布，他绝对要在法律以外，把负债还清。四年以后，他用事实证明了七万美金的债务已经在不必还的情形下全部还完。这种“好汉”精神，是何等教人敬佩！
在今天，做这种“好汉”的人愈来愈少了。今天的所谓“好汉”，不但在“法律以外”不敢多负责任，甚至在法庭上，都不敢坦承他们所写的诽谤文字。这种狡赖的卑怯作风，哪里算是男子汉呢？",负责要高过法律最低线,李敖举马克吐温还债，说明真正的负责不只看法律有没有强制。法律只能划出最低界线，不能替人完成全部人格；一个人若愿意在可逃避处仍承担后果，责任才从外在惩罚变成内在品格。,责任;信用;人格标准
SXGJ022,《上下古今谈》,016.“一字师”和改文章.txt,“一字师”和改文章,"宋朝“先天下之忧而忧，后天下之乐而乐”伟大人物范仲淹，在写《严先生祠堂记》的结尾，曾有十六个字称赞严光（庄光），他说：“云山苍苍，江水泱泱，先生之德，山高水长。”这篇文章写好后，他的一个朋友劝他说：过十六个字中有一个字不好，那就是“先生之德”的“德”字，如果把这个“德”字改成“风”字，那就再好没有了。
范仲淹是有雅量的人，他立刻接受了朋友的意见，把“先生之德”，改成“先生之风”。这种文字上面的修改，在中国的典故叫做“一字师”。就是说，一篇文章中，朋友虽然只点化你一个字，可是至少在这一个字上，他做了你的老师。
“一字师”不限于改文章，甚至读错了字，也有被“一字师”挑毛病的可能。《鹤林玉露》中记杨诚斋跟人聊天，把“干宝”说成“于宝”。当时在座的有一个他手下的小官，老实不客气，站起来指摘他的错误。杨诚斋是有雅量的人，他不但认错，并且向这个小官说：“汝乃吾一字之师！”
在王新命《新闻圈里四十年》中，有一段讲他刚进《中央日报》的故事。那时候社长是胡健中，胡健中说他“在报馆里，要实行训政”。“不论是谁写的文章，只要有不对的地方，我都要改。别人也许讲客气，不改文章，但我却不客气，要改文章，就是陶希圣先生的文章，我也一样要改。”（页498）在这种预先声明的情形下，王新命的第一篇社论就被发付执行了：胡健中圈去了一个字，然后对王新命说：“很好，我只圈去一个字。”（页499）
这种对文章的修改，多少对原作者的立场缺乏“征求同意”的步骤，所以从“一字师”的角度来看，未免勉强。
今日的新闻界和出版界，他们对文章的滥改，已经超过了“稿约”和事前许诺的程度，他们甚至不研究清楚原作者的文体与意旨，就贸然僭改，结果往往弄得不像是一个人或某个人的文章。这种强做“一字师”的“德风”，真可说是“人之患，在好为人师”了！",修改别人文字先尊重风格和同意,李敖谈一字师，重在提醒改文章不是展示权力，而是理解作者意图之后的协助。无论编辑文字还是介入别人的工作，最怕自以为高明地替人重做；真正的帮助应先懂对方的风格、边界和同意，再谈修正。,尊重边界;编辑伦理;合作
SXGJ023,《上下古今谈》,017.从乡愁到大气派.txt,从乡愁到大气派,"在中国人的观念中，尤其是文学作品中，“怀乡”是一个主要的部分，甚至是一个过度被滥用了的情绪。不论圣贤豪杰或阿猫阿狗，只要一离开他家乡三尺远，便开始“行吟”起来、“感怀”起来，正如陆机所说的：“伫立望故乡，顾影悽自怜。”他们的情绪模式（pattern），已经完全变成了滥套子，他们顾影自怜的“哀号”，也完全变成了诗词中的陈腔滥调。
“怀乡”观念的基本成因，一个是农业社会的安土重迁；一个是古代交通的不发达、通讯的不方便。这些因素，在我们现代的社会里，都不存在了或减少了，所以“怀乡”的意义也就愈来愈没意义。
所以，在现代的社会里，如果一个人还整天以离乡背井为浩叹的资料，我们不得不怪他有点小气派、怪他缺乏“天地为我庐”的心胸、怪他对“锦绣山河”的全面性没有统一的认识。
今天退守到台湾，许多文人雅士或骚人墨客，纷纷涌起了“怀乡”的情绪，这本无可厚非。但是过度在这方面发展的时候，未免失之软弱和自怜，未免多少有点“新亭对泣”的味道。这种褊狭的情绪，对他们自己的健康也实在有害，对抵抗共产集团，也不见得有什么积极的用处……
尤其有害的，是许多外省的朋友，他们写诗填词，俨然以“做客”的姿态出现，这是很不得体的小气派。他们一提笔，就满纸是“他乡”、“旅次”、“客次”、“逐客”等等的立场，这是绝对不妥的。这简直是有意划分中华民族的共同血液与山河。有这种态度的人，他们忘了白居易那“老来尤委命，安处即为乡”的伟大心境，也忘了“埋骨何须桑梓地，人间无处不青山”的达观胸怀，更忘了陆游那“却恐他乡胜故乡”的现实了解。他们如果真的去读古书，至少该学学我李敖这样读法。空洞的狭小的“乡愁”“感旧”有个屁用？不但“光复大陆”用不着这些，即使在台湾“作客”，也不该用这种态度吧？
我们必须该彻底认清：任何方向的中国人，在任何地区的中国土地上，都不该有“做客”的情绪和“作地主”的小心眼。我们没有主人和客人，也不该有反客为主和端茶送客的误解或事实，我们该努力减少这种误解或事实。
在中国的大陆上，我们已经扮演了悲剧，我们不该再在重生岛上乱来。——我们该有大气派。因为只有大气派，才能涵化那个小小小小的气派。",离乡不必活成客人,李敖批评把台湾看成客地的心态，主张中国人面对任何中国土地都要有大气派。乡愁若只剩寄居感，会让人永远无法承担当下生活；真正的安顿，是把所在之处也看成责任之地，而不只是等待归去的旅馆。,乡愁;大气派;承担当下
SXGJ024,《上下古今谈》,018.臭皮匠政治.txt,臭皮匠政治,"但是，我们必须彻底认清：民意代表的胡来乱搞，绝不成为我们怀疑民主政治的理由，也绝不足以动摇我们对民主政治的信念。民主政治本就是一个“小百姓问政”的政治，在许多方面，它的表现也是“庸人政治”。民主政治的基本精神是：“三个臭皮匠，胜过诸葛亮。”就个人而论，诸葛亮当然比臭皮匠高明，可是诸葛亮却比臭皮匠危险，万一统治者不是诸葛亮而是“金主亮”（金朝的暴君），那怎么办？根据历史统计，统治者中暴君昏君的数目，实在比贤主英主来得多。贤主一去，昏君一来，小民苦矣！使小民不苦或减少苦的可能率的办法，则莫过于让出天下，让臭皮匠统治。于是民主政治，便成了臭皮匠的政治。
在臭皮匠的政治中，许多民意代表自然还不脱牛皮和厚皮的臭味，自然还会一闹再闹出许多胡来乱搞的丑史，自然还会当“一票代表”和“猪仔议员”。但这都没关系。在任重道远的民主前程中，这些都是初期的不可避免的过渡现象，不值得我们悲观。小宝宝不摔跤，怎么学得会走路？我们这些民意代表，他们虽然混帐，但是究竟是我们可爱的小宝宝，我们要教育他们、督促他们，使他们不再满地乱爬，最后变成像诸葛亮一般的小皮匠。",民主不靠圣人，靠教育和监督普通人,李敖认为民主里出现平庸代表，不是拒绝民主的理由，而是提醒大家要教育、监督和更换他们。一个社会若总等圣人出场，就会把权利交给少数人；承认普通人参与的笨拙，并持续修正它，才是民主生活的基本功。,民主;监督;普通人政治
SXGJ025,《上下古今谈》,019.臭皮匠和民主靴.txt,臭皮匠和民主靴,"在“三个臭皮匠，胜过诸葛亮”的民主政治里，它的主要意义，就在用多数人的平庸智慧，平稳的制造一个“民主靴”，维护并监督这个民主靴。使这双靴子为小百姓翻山越岭，跋涉长途，不受专制者的侵害。
太平盛世所需要的是纯粹小百姓式的平凡人，任何人的脚，都不站在别人的头顶上；任何人的脚，都要插在民主的靴子里。
在民主靴子的面前，我们小百姓要要求我们的代表“臭皮匠”，不可以叫我们“削足适履”，更不可以像法国皇帝路易十五那样的，把开水灌进百姓的靴里，实行那残忍的“靴刑”（boot）。
我们的“臭皮匠”，该永远是替我们说话的民意传声筒，不该是政府的应声虫。这种立场与分际，是孙中山先生早就说过的“权”与“能”的分际，并不是找政府的麻烦。
“政府”本身是一个抽象的名词，在这个抽象名词背后，同样都是小百姓出身的公务人员，他们跟小百姓同样是人，同样是同源的血液，他们的先天跟小百姓并没有对峙的因子，只是在后天上，权力的掌握容易导致腐化和滥用，这是阿克吞与孟德斯鸠早就指出过的。为了防止他们的腐化与滥用，才有民意代表的出现来“为民喉舌”。民意代表有时侯忘了他们的立场，转而“为自己喉舌”或更进一步“为政府喉舌”，这时候，我们必须提出警告，我们要拍拍他们的脑袋瓜子，说：“傻小子，臭皮匠！别忘了你吃的是谁的饭，别忘了你是干什么的！”",代表是人民传声筒，不是权力应声虫,李敖说民意代表应是人民的扩音器，而不是政府的应声虫。任何代理角色都怕上下颠倒：受托者若忘了自己从谁那里取得位置，就会把责任献给权力而不是人民；记住委托来源，是避免背叛的第一步。,代表责任;民主;权力监督
SXGJ026,《上下古今谈》,020.“永不录用”的法律问题.txt,“永不录用”的法律问题,"这次彰化发生的毁容案，被害人彰化中学校长翁慨，不但“无颜”见彰化父老，还被“停职查办”。“停职查办”以后第八天，黄杰主席在省议会宣布：关于翁慨案的法律问题，省府不能过问；但像翁慨这样的校长，省府保证将“永不录用”。
黄杰主席就翁慨被毁容案本身的尊重法律态度，很使我们佩服；但是关于“永不录用”一点上，我认为这仍旧是一个法律问题，同样值得黄主席的关切。
所谓“永不录用”，是剥夺一个人民的做公务员的资格，这是何等重大的惩罚！人民做公务员，这是基本的公权之一。按照《刑法》第36条：
褫夺公权者，褫夺左列资格：
一、为公务员之资格。
可见做公务员资格的被取消，乃是刑法上判刑以后的“从刑”。但是翁慨这个案子，在刑法上“主刑”尚未判刑，“主刑”未判，怎么能够先用“从刑”罚人呢？何况“从刑”中褫夺公权一项，依《刑法》第37条，只有在“宣告死刑或无期徒刑”时，才能“宣告褫夺公权终身”，而“褫夺公权终身”之日，才是“永不录用”开始之时。翁慨一案，当然不可能是宣告死刑或无期徒刑的罪名，那么把他褫夺为公务员之权终身，岂不太早吗？
翁慨被“永不录用”，不但在《刑法》上站不住，就在《公务员惩戒法》中也是通不过的。翁慨是公务员，他如有罪名，得先经过这套法律和“公务员惩戒委员会”才算数，不能由任何人随便宣布。按照《公务员惩戒法》，最重的是第四条的撤职。“撤职，除撤其现职外，并于一定期间停止任用，其期至少为一年。”可见在一年等“一定期间”以后，任何被撤职的公务员，还有被任用的可能，绝不该把他排斥终身。
黄杰主席是最尊重法治标榜法治的人，也是最有雅量的人，我相信他能重新思考这个“永不录用”的问题，然后向我们公开认错。",惩罚必须晚于程序,围绕永不录用问题，李敖强调惩罚不能先于法律依据和正当程序。愤怒再合理，也不能替代调查、审判和比例原则；一个人若习惯先处罚后找理由，最终伤害的不只是被处罚者，也包括自己赖以安全的规则。,法治;正当程序;惩罚边界
SXGJ027,《上下古今谈》,020.“永不录用”的法律问题.txt,“永不录用”的法律问题,"所谓“永不录用”，是剥夺一个人民的做公务员的资格，这是何等重大的惩罚！人民做公务员，这是基本的公权之一。按照《刑法》第36条：
褫夺公权者，褫夺左列资格：
一、为公务员之资格。
可见做公务员资格的被取消，乃是刑法上判刑以后的“从刑”。但是翁慨这个案子，在刑法上“主刑”尚未判刑，“主刑”未判，怎么能够先用“从刑”罚人呢？何况“从刑”中褫夺公权一项，依《刑法》第37条，只有在“宣告死刑或无期徒刑”时，才能“宣告褫夺公权终身”，而“褫夺公权终身”之日，才是“永不录用”开始之时。翁慨一案，当然不可能是宣告死刑或无期徒刑的罪名，那么把他褫夺为公务员之权终身，岂不太早吗？
翁慨被“永不录用”，不但在《刑法》上站不住，就在《公务员惩戒法》中也是通不过的。翁慨是公务员，他如有罪名，得先经过这套法律和“公务员惩戒委员会”才算数，不能由任何人随便宣布。按照《公务员惩戒法》，最重的是第四条的撤职。“撤职，除撤其现职外，并于一定期间停止任用，其期至少为一年。”可见在一年等“一定期间”以后，任何被撤职的公务员，还有被任用的可能，绝不该把他排斥终身。
黄杰主席是最尊重法治标榜法治的人，也是最有雅量的人，我相信他能重新思考这个“永不录用”的问题，然后向我们公开认错。
由于批评绝对自由，有时难免偏激。
以要求于翁慨的道德率去要求于林翠松，林翠松须负相对责任，林还多一层触犯法网的直接行动。如过多的把同情抛向林翠松，可能对不理法律采取直接报复手段为一种鼓励。
社会心理有时不可思议。对“翁”愤“慨”，发起签名运动，是多余的并发症。算旧账，乘此清理旧时恩怨，落井下石，为动机不纯正的并发症。把问题扯宽，把窟窿扩大，更是别有企图的并发症。如将彰化毁容案仍只看作社会新闻，不应该发生并发症。行政处分是严厉的，永不录用，取消了翁慨的公职地位，诉讼在进行中，无论其为原告或被告，翁将以个人身分接受法律的裁判，公与私，都会有个结束。事情发展到这一阶段，沸腾的舆情该是冷静的时候了。（1965年7月8日）",终身否定一个人最需要谨慎,李敖反对用行政语言轻率制造终身剥夺，因为永不录用不是一句气话，而是改变人生的重罚。处理错误可以严厉，却不该随手把未来全部封死；越是长期、绝对、不可回转的处分，越要有清楚依据和审慎尺度。,比例原则;人生机会;法治
SXGJ028,《上下古今谈》,021.瑞典与废娼.txt,瑞典与废娼,"在政府方面，我们也该承认大官们中也有进步的头脑。就以1956年3月22日台湾省政府主席严家淦为例，他在这天公布了《台湾省管理妓女办法》。在这个办法的“总则”第一条中，我觉得基本思路是不差的。第一条说：“台湾省各县市为取缔娼妓辅助从良，特订本办法。”这明明是承认，“取缔娼妓”是政府的一个目标，这个目标是符合国际标准的。至于办法方面，方式是采取缓进的“辅助从良”，这也不能说错，只是技术问题很困难，大官们的智慧已经无法在技术问题上，想出釜底抽薪的好主意，所以大方向尽管朝“取缔”的路上走，走了多少，真是天晓得！
在“总则”第3条中，明文规定各县市“应自本办法颁布实施起于二年来（内？）全部取缔完竣”。这是以二年为期，截止日期是1958年3月22日。但是，事实上，从这套办法公布到今天，已经足足九年了。九年多的日子已飘然而过，而今日的场面是公私窑子横行。釜底抽薪，此其时矣！抽薪之道，西望瑞典可也！",制度目标要看结果，不看口号,李敖谈废娼时追问：既然法律说两年完成，九年后成果在哪里？任何改革都不能只靠漂亮目标自我安慰；真正的检验，是事实是否改变、弱者是否少受害、旧问题是否只是换了门牌继续存在。,制度检验;结果导向;改革
SXGJ029,《上下古今谈》,022.废娼效果知多少？.txt,废娼效果知多少？,"但是，从1956年《台湾省管理妓女办法》公布以来，到底有些什么成果呢？这是九年后的我们，不得不关心的问题。我们相信执政者的理想是朝“寓废于禁”“寓禁于管”的路线上发展的。但是我们忍不住要质问，我们有权利知道九年来的成绩在哪里？
根据我私人的调查，我发现九年来“寓禁于管”的成绩非常可疑。即以台湾最有名的“有伤风化区”北投为例，偌大的北投，在1961年的公娼统计，竟是区区191名！到了1964年，数目似乎“减少”了，领有妓女许可证的变成了83名。从表面上看，这似乎是好现象，但是当我仔细一研究，却吓了我一大跳！1964年的北投妓女户，已经增加到近50家！旅馆已经增加到80家！妓女户和旅馆加起来，平均每家还不到一名妓女！就算妓女全归妓女户，旅馆“清白”，那么每家妓女户还分不到两名妓女！用两名妓女养活一个娼寮，养娼寮中的老鸨、小鸨、龟公、保镖、大茶壶，这些脑满肠肥的一干人等，而还能“大业鸿开”，这似乎是不可能吧？既不可能而又事实俱在，除了私娼猖獗以外，我们还能找出第二种答案吗？
像这种公娼一二其外、私娼千百其中的现象，又岂限于“伟大”的北投吗？根据我的调查，全台湾有得是！随便举一个例吧：1963年1月4号的晚上，屏东警察局受“良心”和责任驱使，突击检查潮州一家叫做“凤美”的妓女户，抓到了23名妓女。其中只有两名是有“牌照”的，其他21名，不但是道道地地公娼中的私娼，并且全部都不到法定的“接客年龄”！
私窑子也好、小雏妓也罢，警察老爷抓到她们，照例是“寓教化于拘留”一番。但是，我们忍不住要问：这又有什么用？她们不是真正的祸首，她们才是真正无辜的人，她们的清白，比起拘留她们的人、蹂躏她们的人，乃至买卖、逼迫、敲打、剥削她们的任何人，都毫无逊色。可怜的是，她们不但做了泄欲器，又做了替死鬼，并且在《台湾省管理妓女办法》面前，还兼做了“以身殉法”的“烈士”。朋友们，想想看，这种“黄狗偷食，白狗遭殃”的现象，我们还能忍耐吗？",管理若只罚弱者，就是把受害者当替罪羊,从登记数据和现实黑市的落差里，李敖看到许多制度只抓最无力的人，而放过真正获利者。治理若只让弱者承受惩罚，就不是改革，而是转嫁；判断一项政策是否正义，要看它打击的是剥削链条还是链条末端的受害者。,弱者保护;制度正义;替罪羊
SXGJ030,《上下古今谈》,023.公娼的黑暗.txt,公娼的黑暗,"按照《台湾省管理妓女办法》，今日台湾明显的是在采取公娼制度，在理想方面，这套办法的基本精神是超出公娼之上，换句话说：它的目的在用承队公娼办法来消灭私娼；再从公娼演进到废娼。
基于这种立法精神，执政者乃有索性承认现实、承认公娼合法性的决定。这种决定，不客气地说，是为目的不择手段，是为权宜之计牺牲立国的大信和大原则。从长远看，这是极不得体的做法；从短视的近功着眼，牺牲大原则而换得的“好处”，如今已证明给我们成效如何了！
在今日世界的潮流下，公娼制度本来早就是一个落伍的制度。国际废除娼妓协会早在19世纪的1875年就成立了，废除娼妓的呼声，已变成近代争取人权运动的一个主要音响。在国际废除娼妓协会中，我们中华民国也派过代表，前年9月还在雅典开过会，这都表示了我们否定娼妓制度的明朗趋向。在这种趋向下，我们实在看不出“一面高倡废娼、一面允许公娼”的做法，有什么高明的依据，我们实在不能相信这种做法有它成功的可能。
《台湾省管理妓女办法》立法时的伟大目标是：“二年内全部取缔完竣”！可是事实上的结果是：“九年无成，流莺满地”！被政府准许的公娼，反倒成了合法的作奸犯科的逋逃薮！管理妓女办法的巧妙利用，反倒成了假“公”济“私”掩护黑暗现象的护符！
公娼制度在管理办法公布九年后的今天，已“沦落”至此，真可说意想不到。这时候，我们再回看当时执政者“用承认公娼做手段，以达到废娼为目的”的设计，我们不得不说是完完全全失败了、上当了。我们不得不说：我们的废娼理想，已经“失身”于《台湾省管理妓女办法》；而《台湾省管理妓女办法》，又被“诱骗”于公娼制度；而公娼制度，又被“贩卖”于私娼和老鸨子龟儿子。最后的结论是：我们的聪明的法令设计者、能干的治安维护者、勤快的舆论传声者，集体在老鸨、龟公、保镖、大茶壶面前吃了一次大败仗。——我们不能不惭愧！
在全省各地“有伤风化区”的弱女呻吟声里，在她们被一再蹂躏、一再贩卖、一再拷打的残忍现状里，在国际废除娼妓协会再开会的时候，坦白说，我怀疑我们还有脸面去参加。是时候了，我们不要再自欺了，我们该拿出新的改革办法，来重新向龟儿子们宣战！",权宜手段会吞掉大原则,李敖批判公娼制度从临时安排变成长期遮羞布，说明权宜若缺少期限和检讨，会反过来吞掉原本原则。人生中许多妥协也如此：可以为现实暂退一步，但必须记得退让的边界，否则临时办法会变成新牢笼。,原则;妥协边界;制度反省
SXGJ031,《上下古今谈》,024.何秀子的启示.txt,何秀子的启示,"但是我们如果仔细一点，我们可以发现何秀子的手法自有她的过人之处。说明白点，就是何秀子的私娼，在根本不人道的娼妓事业中，还显得比较人道。何秀子第一任丈夫是日伪时代江苏泰兴县长陈炳槐；陈死后再嫁新竹县县议员周宜培为妾，她自己毕业于日据时代台湾女子最高学府台北第一女高校，见识手法自然与目前这些满脸横肉满口金牙的公私娼老鸨们迥然不同。所以在她的势力下，我们看不到过度恶劣的“情调”，看不到过度恶劣的广告、拉客、买卖人口、强迫接客、逼幼为娼、流氓私刑、性病充斥、妨害自由等等流风。相反的，她还会督导她的“干女儿们”上礼拜堂、合会储蓄、注意卫生、学外国文。……这一套一套的花头，我们不得不承认何秀子不是台湾今日最先该杀的老鸨子，她实在比横肉式的老鸨们高明、比她们人道！
所以，我提议，在合法取缔何秀子的私娼寮以后，我们从速成立一个“台湾省彻底取缔娼妓委员会”，敦请改过迁善后的何秀子女士做主任委员，用她八年来内行的经验，为我们可怜的娼妓界，仔仔细细设计一套辅助从良和完全取缔的方案。这种“以盗首弭盗”的办法，不知可否得到束手无策的大官们和小百姓的支持？不知道你们可愿接受我这个乍看荒谬，其实一点也不荒谬的提议？",改革要向现场内行借经验,李敖认为即便何秀子经营的是非法行业，她对现场运作的了解仍可用于制度改革。解决问题不能只靠道德姿态，还要听懂现场知识；善用内行经验，不等于赞成他们的全部行为，而是承认有效改革需要知道病灶怎样运转。,改革方法;现场经验;务实
SXGJ032,《上下古今谈》,025.何秀子事件的法律观点.txt,何秀子事件的法律观点,"最近，台北市警三分局局长李凤超，会同有关人士，四次直捣沙龙，探得“基督老鸨”经营私娼业，这是公事公办，很值得我们佩服。但是奇怪的是，5月20号的《中央日报》上，居然在“短评”中表示“甚感蹊跷，怀疑这是一种可鄙的招徕术”！这么一说，三分局的局长岂不是伙同何秀子大事招徕的共犯了吗？
《中央日报》“短评”中又说：“……社会一般所共知，邻里曾一再向有关方面控诉。若仍须待警方多次会同探查，始得而知，岂非徒然暴露警方的耳目不灵，反应迟钝！”这种“舆论”，是我们不敢领教的。因为警察不依靠传闻与控诉，而依靠仔细搜求的客观证据处罚何秀子，这种合法的步骤，是绝不算错的。至于说警察“耳目不灵，反应迟钝”，这也是诽谤警察的话。我们的警察绝不是这样低能的人。他们如果看来有“耳目不灵，反应迟钝”的模样，那只是他们有意的装糊涂，——像过去警三分局对付何秀子，就是一例！但是这回就不同了，这回警三分局局长的作风，是我们道道地地李家的作风，值得李费蒙（牛哥）画他一画。
至于何秀子又申请“娇美沙龙”遭受批驳，从法律观点看，台北市政府很明显的违反了《宪法》第15条、违反了《商业登记法》、违反了《商业登记施行细则》、违反了《台湾省特定营业管理规则》。台北市政府单凭“尊重民意和舆论”的理由，是不能禁止人民的合法权利的。我们既然是法治的国家，那么一切都得按法律办，对好人固然讲法律，对坏人也要讲法律。我们不能因为坏人玩法、乱法，就非法地惩罚坏人，不能因为一时的方便与痛快，而逮住坏人，漏掉法律。
综观这次何秀子事件，我们赞助警三分局李局长的合法步骤；厌恶《中央日报》和台北市政府的法外行径。我们该寻求法律的步骤，去对付何秀子跟台湾的老鸨子，我们犯不上为她们这些不堪的人物，而牺牲我们的法治。",传闻不能代替客观证据,李敖在何秀子事件中强调，即使面对名声不好的人，也要区分传闻、舆论和证据。一个社会对讨厌的人都能守法，才是真的守法；若只因对象不受欢迎就降低证据标准，今天方便，明天就会轮到任何人。,证据;公平;法治
SXGJ033,《上下古今谈》,026.“流氓”与法律.txt,“流氓”与法律,"宋朝时候有一个坏蛋，大家皆曰可杀，可是没有杀他的法律根据。但是大家还是要杀。当时范仲淹看不过去了，他说：“你们‘法外杀人’，会杀得‘手滑’！”
什么是“手滑”？“手滑”是杀得开心、杀得痛快，迟早杀出毛病，乱杀一气，最后连无辜的好人或不该杀的人也跟着宰了，闹得人人自危，法统全无，社会不像个社会。
稍知历史的人，都知道法国大革命时候的“恐怖时代”。所谓“恐怖时代”，就是人人都保不住脑袋的时代，人人都可能被硬安上一个罪名，然后移请阎王老爷管训。那时候，光在巴黎一个地方，就被杀掉2500人；全法国的杀人纪录，大约有1万人。这1万人中，谁是坏蛋、谁是好人，大家根本分不清了，大家只是杀得眼红，哪顾得许多！
在“恐怖时代”的大杀特杀中，最有名的枉死鬼就是罗兰夫人。她被推上断头台，临死前向世人哀呼假借自由来杀人的罪恶，今天我们重新回想她的话，还是不能不有隐痛！
“法外杀人”固然要不得，“法内杀人”总该要得了吧？不，这也有问题。所谓“法内杀人”，这要看依据的是什么“法”？要看这个“法”是不是陆啸钊先生所说的“恶法”；还要看它是不是经过立法手续的法律。如果不符合这两个起码的条件，那么用这种“法”来“杀”的人，还是一个枉死鬼。
我在这篇小文章中所用的“杀”字，它的解释是广义的，它包括真的“杀”人，也包括“惩罚”人的意味。因而“法外杀人”，广义地说，也指的是“法外惩罚人”；“法内杀人”也指的是“法内惩罚人”。
今天的违宪的什么“取缔流氓办法”，单凭管区警察的好恶，就可决定一个人是不是“流氓”，该不该管训，这是流弊极大的制度。诚如监委陈庆华所说的：“往往形成一些主办人员逞一时之快，加诸被处分人身上一些无辜罪名。”“更发生了一些公报私仇的现象。”这种制度，不管是“法外惩罚人”也好，“法内惩罚人”也罢，至少它的流弊，有千分之一像法国“皇帝密封信”（今名“流氓名册”空白纸，姓名待填），这是不好的，这是“自由中国”招牌下的一只蛀虫。这只蛀虫诞生在1952年4月30日，如今已经13岁了。当时它的诞生，也许如大官所说，有它不得已的需要。但是13年来的进步与安定，应该使我们放弃再用这种既违宪又违刑法的办法来处罚“流氓”。我们值得放弃一些小小的“方便”，替国家换取一些大大的名声。非“流氓”的各界人士，可愿想想“文化太保”这个意见吗？",法外惩罚会让手越杀越滑,李敖反对法外杀人和法外惩罚，因为一旦承认方便可以越过规则，下一步就会越走越宽。惩罚坏人也必须经由好规则；否则人们原以为在清理危险，最后却把每个人都放进更危险的任意权力里。,法治;权力边界;反任意
SXGJ034,《上下古今谈》,027.“流氓”应该怎么罚？.txt,“流氓”应该怎么罚？,"这七项“流氓”的定义，在我仔细观察以后，不得不说它们的每一项都犯了“笼统病”，不但笼统，并且相互之间，又显得轻重失调。试问“擅组帮会招徒结队”是何等重大的事件？用“流氓”名之，岂不失之过小？又如“勒收陋规搬运费”、“游荡或懒惰”是何等芝麻小的事件？用“流氓”名之，岂不失之过大？
因为办法本身的笼统，自然导致解释上的出入和纷纭。故一个人的行为，用取缔流氓办法一量，自然可以“小大由之”，只要量得巧妙，这个人的“罪状”，可以“无中生有”，当然也可以“化大为小，化小为无”。
“流氓”扰乱社会治安，我们当然要罚。可是罚他们，有正规的法律可循，我们不可像“不务正业”的“流氓”一样，去“不务正法”。所谓“正法”，一看《刑法》便知。《刑法》中的第90条、第149条到160条、第173条到194条、第266条到第270条、第277条到287条、第296条到308条、第325条到332条、第339条到345条、第346条到384条，……都把“流氓”犯法的细目规定得相当明白。有这样相当明白的“正法”，我们实在没有再实行其他“办法”的必要。中国古代的老子说得好：“法令滋彰，盗贼多有。”13年了，减少“法令滋彰”的现象，我们难道还要拖至“光复大陆”以后吗？",定义笼统会养出任意执法,李敖指出流氓定义忽宽忽窄，正是任意执法的温床。任何规则若说不清对象和边界，就会让执行者把个人好恶装进法律；在人生和制度里，模糊并不总是宽容，有时是最危险的权力空白。,概念边界;执法;权力风险
SXGJ035,《上下古今谈》,027.“流氓”应该怎么罚？.txt,“流氓”应该怎么罚？,"用这样的办法，来“管训”被判定是“流氓”的人，未免流弊太大。何况本办法最大的流弊，是它缺少“处分期间”的明文规定，这是绝对说不过去的！因为没有“处分期间”的限制，所以一个“流氓”，既可以管训个一年半载，也可以管训个十年八年，即使管训终生，按说也非绝对不可能。这样一来，人权还有保障吗？宪法还有作用吗？
从法理观点上，充其量，取缔流氓办法也只不过该是刑法上“保安处分”一类的性质。按照刑法第90条：
有犯罪之习惯或以犯罪为常业或因游荡或懒惰成习而犯罪者，得于刑之执行完毕或赦免后，令入劳动场所，强制工作。
前项处分期间，为3年以下。
这是“处分期间”的明文规定。堂堂刑法都得列举“处分期间”如此，何况什么取缔流氓办法呢？
据立法委员李公权先生跟我说，这个取缔流氓办法，根本没有经过立法院的议决，所以它根本不能算做法律。既然不是法律，我们更不能再忍耐它来破坏《宪法》和《刑法》了！",没期限的处罚就是人权危险,文中反对没有明确期限的管训，因为看似管理问题，实则可能让人被无限期悬置。惩罚若没有终点，就不再是矫正，而接近吞没人生；任何约束人的制度，都要能回答何时结束、为何结束、谁来审查。,人权;期限意识;惩罚边界
SXGJ036,《上下古今谈》,028.圣人教育.txt,圣人教育,"“做圣人”在理论上，当然蛮好，“人人皆尧舜”，当然也蛮好。可是问题是“圣人”是非常不容易做的：他要席不暇暖、要饿肚唱歌、要杀身成仁、要舍生取义、要讨厌女子和小人、要肉割不正不食、要乘桴浮海、要三世出妻、要诛少正卯、要把女儿嫁给公冶长、要不许儿子哭出母、要看到麒麟不写文章、要和诸侯的姨太太碰面、要常常梦到周公、要这个、要那个。……总之，“圣人”一做，就必须是与众不同。因为与众不同，方才可成为“人中之圣”，做了“人中之圣”，方才可“俎豆于大成殿之间”。陪孔夫子、孟夫子、朱夫子和百家姓内外的各位夫子吃冷猪肉。
提到吃冷猪肉，资格之得来可真不简单。老实说，它必须经过一大段“非常人之所能堪”的过程：常人的作风总是朝“人情之常”上走路，常人贪生怕死，圣人却要玩命；常人有点自私，圣人却要无我；常人为己也为人，圣人却要舍己为人；常人趋吉避凶，圣人却要赴汤蹈火；常人乱世苟活，圣人却要舍生杀身；常人要改嫁，圣人却要“饿死事小，失节事大”……这一切一切常人与圣人的分野，都证实了给我们：圣人是不容易做的，圣人是反人之常情的。训练小孩子做圣人，等于训练小孩子做空中飞人，不摔得鼻青眼肿，那才怪。
“人人皆尧舜”也好、“有为者亦若是”也罢，毕竟是一个理想，毕竟是一个不足为训的大标的。“希圣”“希贤”也要不得，因为“希”得不成，反倒画虎像狗，搅得伪圣伪贤伪政府汉奸遍地。
宋朝养了几百年的士，只出了一个文天祥，明朝养了几百年的士，只出了一个史可法，其他大都是异族统治下的投降汉，孔曰成仁，孟云取义，又在哪儿？这些充分证明了“圣人教育”的失败。
“圣人教育”因为是“非常人之所能堪”，所以常人们只好学的说的写的是一套；而做的是另外一套。说简单点，他们总是托圣人之言、行常人之事。这样的教育，怎么能不教人“人格分裂”？怎么能不教人变成“两重人格或多重人格”（double personality or multiple personality）？
所以，为今之计，我们必须采取一种平易近人平实可行的小市民教育，慢慢使中国人的分裂人格趋向统一。到那时候，精神病患者和伪君子一定大为减少，“圣人”们所希望的“郅治”，也就自然接近了！",圣人教育会制造人格分裂,李敖批评把普通人训练成圣人的教育，因为它不承认人性，只会逼人在人前装圣贤、人后做凡人。好的教育不是把人推向不可能的道德表演，而是教人诚实面对欲望、责任和规则，在真实人性上建立可实行的标准。,教育;人性;反伪善
SXGJ037,《上下古今谈》,029.林森先生打官司.txt,林森先生打官司,"一般人对林森先生的印象，总以为他是一个“好人”，其实“好人”二字，实不足以尽之。林森先生实在是一个“奋斗的好人”。他的雍容恬淡，丝毫没有减低他那做“奋斗的好人”的意志。我试举一个例：
有一个乡下人余发程，一天走到江西九江的英国租界里去，误犯警规，被印度阿三的警察用棒子打中要害，呜呼死了。英国领事出面遮盖这件事，特地拨抚恤费两百元，交给死人的家属，准备草草结案。这件事情被林森先生知道了，他忍不住，他要挺身出来“管闲事”。他派人把那死人的家属追回来，叫他们把钱退给洋鬼子，并说他愿意花钱请医师验尸，请律师打官司。死人的家属答应了，可是却没有医生肯来验尸。林森先生费了许多力气，请到一个美国医生，开具证明，断定因伤致命。于是一状告进官厅。哪知道官厅的法官都是“老疯狗”，都是既颟顸又被收买的家伙，于是官司打没有赢。可是林森先生不服气，他还是要打。他又千方百计，找到一位在教会中做事的国民党同志，请这位同志代请到一位有名的大律师，一状又直告到英国的伦敦。最后，毕竟人家的法官不是被“利用”被“指使”的老混蛋，到底判决被害人的家属胜诉，判了印度阿三的刑，调了英国领事的差，于是林森先生的“管闲事”，终于大功告成。
这样一个“奋斗的好人”，是我们今天最需要的好榜样，我们今天在台湾，也该知道林森先生跟台湾也有缘分。他在民国前十四年，曾为奔走革命，渡海来台。为了掩护，曾在当时的台南地方法院嘉义支部做通译，他当然万万没有想到，在他做通译以后六十八年，这个地区的法院内部还是如此黑暗。他若活到今天，一定还要整天忙着打官司，他绝不疲倦。因为林森先生永远是一个战士、一个好国民党员，他永远不会要求“葬我于高山之上”，他要葬到平地来，要为平地的小百姓，打他一个抱不平。",好人要为小百姓打抱不平,李敖称林森是奋斗的好人，因为他愿意为死者家属和普通人对抗强势机构。善良若只停在个人洁身自好，力量有限；当一个人愿意把自己的位置拿出来替弱者说话，善良才从性格变成公共行动。,打抱不平;公共善;弱者
SXGJ038,《上下古今谈》,030.为什么“自力报复”？.txt,为什么“自力报复”？,"人们为什么“自力报复”？这本是一个社会心理学上的大问题，非三言两语所能尽。我在这里，只是提供一点小看法：
第一、我认为“传统的暗示”是一个大因素。传统的影响，使人们相信“自己来”的手段是一种英雄式的手段。这种手段的最明朗表现是“捉奸”。传统暗示给人们，本夫“捉奸成双”是一种必要的步骤，而“手刃奸夫淫妇”则更是一种英雄式的行为，同时也是“遮羞”的必要过程。在这方面，本夫力有未逮的时候，常常会有“武松式”的人物出现，来越俎代庖。而武松式的手段显然是违法的，武松不会把潘金莲送往官厅去受审，他要自己来。自己来，才“有效”、才“过瘾”。
第二、“法律的失效”也是一个主要因素。法律失效的意思有四：一、法律本身有毛病，或是恶法；二、证据力不够，有苦说不出，无法在法律上操胜算；三、没耐心去打官司，没能力在法律上争取私权的保障；四、法官贪墨，奉命审案。
第三、“心胸的狭窄”。心胸狭窄的原因，主要是由于社会的闭锁。即以恋爱而论，在闭锁的社会里，一个男的认识一个女的，非常不容易。因为得之不易，所以总是怕失去。一旦失去，便想不开、吃弗消。这时候便想尽办法去挽留、去阻止，甚至愈来愈激烈、愈离谱，刀子、子弹、毁容液等一一出笼，非搅到“与子偕亡”或“一齐丢人不罢休”。这种狭窄，上溯它的原因，都是社会闭锁的缘故。
基于这三点了解，我认为解决目前“自力报复”风气的办法，绝非严刑峻法或检察官匆匆起诉所能有效，因为从事“自力报复”的人，已经早就在内心上“置生死于度外”了。老子说：“民不畏死，奈何以死惧之？”正本清源之道，并不在这里啊！",报复风气要从根源处拆,李敖分析自力报复，认为它来自英雄暴力传统、法律失灵和封闭社会的共同作用。面对坏现象，若只骂当事人或加重处罚，常常拆不掉根；真正的治理要追问社会为什么让人相信私刑比法律更可靠。,社会根源;反私刑;法治信任
SXGJ039,《上下古今谈》,031.李敖不可怕.txt,李敖不可怕,"我反省来反省去，想呀想的，实在想不通我有什么大逆不道的言论。我细看我写过的文字，愈看它们愈窝囊，我实在觉得我窝窝囊囊的没写什么；可是“你们”却觉得我鬼鬼祟祟的写些什么，这种“看法”上的出入，又是怎么回子事呢？
我记起《列子-说符》篇中的一个故事：
人有亡鈇者，意其邻之子。视其行步窃鈇也，颜色窃鈇也，言语窃鈇也，动作态度无为而不窃鈇也。俄而挖其谷而得其鈇。他日复见其邻之子，动作态度无似窃鈇者。
这个小故事颇可说明我今天的处境。我觉得“你们”和我之间，“看法”上的出入，其实很少；最大的出入，不是“看法”乃是“成见”。因为“你们”对我有“成见”，所以觉得我一写文章，“动作态度无为而不窃鈇也”！其实若抛掉“成见”，细就“看法”上面检查我的文字，“你们”将不难发现，我所说的话，许多都是“你们”已经说过或心中想说的话，实在是一些“小生常谈”，实在算不了什么。离真正的“言论激烈”和“思想偏差”，还差十万八千里呢！",成见会把邻人看成偷斧者,李敖借疑邻偷斧说明，先有成见，后面看到的每个动作都会被解释成证据。判断一个人或一件事，最难的是先发现自己已经戴了什么镜片；若不肯摘下偏见，再多观察也只是给误会增加细节。,成见;自省;判断力
SXGJ040,《上下古今谈》,032.沈之岳也不可怕.txt,沈之岳也不可怕,"沈之岳局长在招待会上，曾有一些划时代的谈话，大意是说：调查证据时，“刑求”已是过时的落伍的求证方法。凡是刑求逼供得来的证据，在送到法院后，嫌疑犯就立刻翻供呼冤，等于前功尽弃。并且，刑求逼供得来的证据，都不可靠，因为那本是三木之下乱说一通的结果，非但无补于案情的明了，反倒会因乱攀乱扯，而使案情复杂，更增加破案的困难。结果不但案子难破，还使小百姓受苦含冤。
沈之岳局长这种清楚的分析，值得我们绝对的支持。
沈局长又说，现代的办案方法，乃是完全根据科学方法和仪器的结论，如“远程照相机”、如“红外线照相机”、如“遥控制无线电录音机”，这些完全准确的“千里眼”和“顺风耳”，都是使嫌疑犯无所遁形的最好工具。所以到今天这样科学进步的时代，“刑求”两个字，可以说是历史上的名词了！
“刑求”两字变成历史上的名词，这是何等可贵的划时代的消息啊！我们真应该拍手称庆！并且应该举办一个移交典礼，把“刑求”从“治安人员”的手里，正式移交给“历史学家”。别的“历史学家”如果害怕，我李敖愿意自告奋勇，代表接受。
回想54年以前，孙中山先生做临时大总统，那时候充满了开国气象。孙先生在民国元年的3月1号，发表了一个《饬内务司法两部严令所属禁止刑讯令》，其中说：
不论行政、司法官署，及何种案件，一概不准刑讯，鞠狱当视证据之充实与否，不当偏重口供。其从前不法刑具悉令焚毁，仍不时派员巡视，如有不肖官司，日久故态复萌，重煽亡清遗毒者，除褫夺官职外，付所司治以应得之罪！
这是多么开明的历史文献！多么值得我们重视的珍贵文件！虽然在事实上，被“焚毁”的“不法刑具”还是被我们“不肖官司”多用了半个世纪。但是今天可好了，沈之岳局长为我们确定了新的“下限”，我们真该称赞他。不但称赞，我们还要指出：只有这种作风，才是真正的“总理遗教”的信徒，中山先生死而有知，一定会说：“之岳同志：你好！你做得对！”",刑讯是落伍方法，证据要科学,李敖借沈之岳反刑讯的说法强调，逼供不但残酷，也会制造假口供、害无辜、拖乱案件。真正有效的追查应依靠证据、科学方法和制度程序；越是急于求成，越不能把人的痛苦当作取证工具。,反刑讯;科学证据;人权
SXGJ041,《上下古今谈》,033.莎士比亚是特务.txt,莎士比亚是特务,"这个疑案引起我一点小兴趣，就是当时英国特务的素质问题。即使莎士比亚不是特务，但马罗却是特务无疑。而马罗是有名的诗人兼剧作家，已是文学史中的定说。由此可见，英国的特务真有办法，他们里面，水准真高，真是卧虎藏龙。从英国的特务系统类推，我们可以看到，任何治安良好的国家，都是特务水准提高的国家。即以希特勒而论，他的特务头子竟是有名的大学教授！你说他们征服世界的思想错误可以，但你不能说他们私德不好、没有原则，他们绝不是那些敲诈勒索的军阀时代“包打听”式的人物。
最近我读了一本科林斯（Frede L. Collins）的《在和平与战争时中的美国联邦调查局》（The FBI in Peace and War），深叹他们特务水准的严格，真令人敬佩。尤其是他们那段特工系统的演变史，使我们深切的感觉到：他们是保障人权的，而不是蹂躏人权的，那些史实值得我们最大的重视。",治安专业越有权力越要保障人权,李敖谈情报与治安工作时，并非否定专业需要，而是要求它达到更高的人权标准。掌握秘密和强制力的人若缺少自我约束，就会把保护社会变成压迫社会；权力越隐蔽，越需要清楚的专业伦理。,专业伦理;人权;治安权力
SXGJ042,《上下古今谈》,034.闯“红灯”.txt,闯“红灯”,"胡适之先生在美国的时候，有一次坐出租汽车，当时已经三更半夜了，路上已经没有行人车辆，可是车子开到十字路口，正好碰到自动管制的“红灯”，那位司机先生立刻煞车，硬是要等到“红灯”过去以后，才往前开，——他不管有没有人，不怕停车麻烦，不顾时间耽搁，反正看到“红灯”就停。这种不需要别人监视，完全自动地约束自己，使自己遵守规则的精神，使胡适之先生大为感动。他后来向人称赞道：“这位司机先生的精神，就正是我们中国‘慎独’的精神！”
什么是“慎独”？“慎独”是中国思想上的一个大题目。“君子必慎其独”，是一个四书五经中的大论题。这个题目与论题，在宋儒明儒中有过最大的发挥。七嘴八舌，莫衷一是，始终没有定说。
现在我试给它下一个定说：“所谓‘慎独’，就是一个人单独的时候，不干狗屁倒灶的事、不做不守规矩的事，他自己的行为对他自己的‘理智约束’负责，并不对‘十目所视，十手所指’的群众负责。”这个定说，我认为不必得到伦理学者的润色，就很漂亮了；这个定说，我认为任何摇头摆尾的“新儒家”，也定不出来。所以我说，我是孔丘先生真正的知己。",慎独是无人看见时守理性规则,李敖谈红灯时，把真正的慎独放在无人监督仍尊重合理规则上。道德不该只管人的幻想和私心，却放任公共规则被随手破坏；能在没有警察、没有掌声时仍守住理性边界，才是实在的自律。,自律;规则;慎独
SXGJ043,《上下古今谈》,035.原子弹20岁感言.txt,原子弹20岁感言,"人类为什么吓住了呢？因为原子弹带给人类新的觉醒。这种觉醒是对“战争”的新认识与新估价。原子弹使他们彻底了解“战争”的最后性质是什么，他们服啦！
“战争”这个东西，自有人类以来就有它老哥。古时候人类打仗，你丢一块石头过来，我抛一块石头过去，结果是“你死我活”；后来慢慢“进步”，武器发达，你开一辆坦克过来，我冲一辆坦克过去，结果是“你们死我们活”。可是更“进步”的时候，武器更发达的时候，这种情形就完全不同了，当你丢一颗原子弹过来，我再丢一颗原子弹过去的时候，结果就是“大家死大家不活”的场面了。那时候，全世界一切东西都毁灭了，剩下的，只该是海明威一部小说的名字，那是——《胜利者一无所获》（Winner Take Nothing）！
二次大战后的一些战败国，他们的生活状况，甚至比一些战胜国还要好，这更证明了海明威小说的大道理。同时随着武器的进步，比原子弹凶千万倍的家伙都纷纷出笼，大有一打起来就同归于尽的趋势。于是人类更胆小了，大家谁都不敢轻举妄动，大家都要背着原子弹的儿子孙子，蹲在那儿，抓住“热线”，保持武装的和平。
原子弹的教训，带给了人类最后的智慧与觉醒，使他们彻底知道“战争”不再是人类前进的必要过程。只有不了解世界文明潮流的人（如共产党和“准共产党”），才迷信“战争”解决一切、武力解决一切，他们真傻瓜！",战争到最后会让胜利者一无所得,李敖从原子弹谈战争性质的改变：武器越进步，胜利者越难真正获得胜利。很多冲突也是这样，若目标只是压倒对方，最后可能共同耗尽；真正的成熟，是及早看见那些赢了也无法享用的胜利。,和平;冲突成本;历史教训
SXGJ044,《上下古今谈》,036.中法私案的四点分析.txt,中法私案的四点分析,三、就“中法三角恋”三位当事人本身来说，这是一个超出法律、道德以外的问题，是一个感情的和爱情的问题。别人（包括“双方家长”）都无权干涉。何况覆水难收破镜难圆，用法律和道德来强制执行，只有增加三方面各种不同的痛苦，至多只得其躯壳，而无法得其神髓。远去美国的所谓“被害人”最能明白这个道理，所以她来信说：“再怎样去惩罚他，我也好不了多少，何况他也不会再属于我了，我也没心情去爱他。”这是很高超的见地，因为她清楚地知道，感情和爱情的问题，根本与法律、道德不相干。,私人感情不能被法律和道德强制复原,李敖分析中法私案时，把法律、道德和爱情分开，指出感情破裂不是靠命令能补回来的。人生中最难处理的关系问题，常要先承认它属于哪个层次；用外在强制去挽回内心，只会制造更多痛苦。,感情边界;层次分析;个人自由
SXGJ045,《上下古今谈》,036.中法私案的四点分析.txt,中法私案的四点分析,"关于这场私案，我认为大家又在犯老毛病，打糊涂仗了！为什么打糊涂仗呢？因为大家根本没有了解下面四个基本的要点：
一、丹妮尔的出境问题，警务机构根本无权决定，这个权力属于内政部；而内政部在丹妮尔的情况上，根本又于法无驱逐之据！所以这根本不发生法律的问题。
二、黎东方夫妇收养丹妮尔，是一种伟大的道义举动，论私谊论公益论民族感情，都代表一种泱泱大国国民的高风。丹妮尔之不出境，在法律上就可以不出境，原不必靠黎东方夫妇的收养。所以我再说一次：这又不发生法律的问题；就黎东方夫妇而言，这是一个道德问题。
三、就“中法三角恋”三位当事人本身来说，这是一个超出法律、道德以外的问题，是一个感情的和爱情的问题。别人（包括“双方家长”）都无权干涉。何况覆水难收破镜难圆，用法律和道德来强制执行，只有增加三方面各种不同的痛苦，至多只得其躯壳，而无法得其神髓。远去美国的所谓“被害人”最能明白这个道理，所以她来信说：“再怎样去惩罚他，我也好不了多少，何况他也不会再属于我了，我也没心情去爱他。”这是很高超的见地，因为她清楚地知道，感情和爱情的问题，根本与法律、道德不相干。
四、关于用传统的立论来排斥黎东方夫妇和丹妮尔的作法，犯了一个大毛病，就是“用传统杀人”。这是要不得的。试问口口声声数千年好传统的人、口口声声“中国家庭优良传统”的人，可知道按照传统，男人们讨姨太太，甚至家花野花同采，岂不是天经地义嘛？岂容许妇女们组织什么妇女会来发表什么紧急声明吗？这不是道道地地的“不守妇道”吗？所以我说，这不是一个传统的问题，大家都别抬传统来压人。你抬，别人也会抬，抬来抬去，你早晚先被压在底下。
以上四个问题，是这场私案的四个关键，它分别属于四种不同的层次。第三个问题是最重要的，其次是第二个。至于第一个和第四个，根本与本案不相干，谁再呶呶不休，谁就是糊涂虫。这四点分析，可有助于市井小民和衮衮诸公大脑的清醒，你们最好躺在床上，好好想想我的话。",先分清层次，才不会打糊涂仗,这篇文章最实用的地方，是把一桩热闹私案拆成法律、道义、爱情和传统四层。许多争论之所以越吵越乱，是因为不同层次混在一起；先问问题属于哪一层，再决定用什么标准，才可能清醒地判断。,分析方法;清醒判断;争论
SXGJ046,《上下古今谈》,037.“武侠小说”，着镖！.txt,“武侠小说”，着镖！,"如果武侠小说的罪状只跟现时代脱节，那我绝不责备它，至少我还承认它起码有点娱乐性的价值。但是事实却不这样简单。武侠小说降至今日，它的最大罪状，乃是它助长了并反射了一种“集体的挫败情绪”。这种挫败情绪，正好从武侠小说中，得到手淫式的发泄，给逃避现实者机会，给弱者满足。
十六年来，我们在中国大陆以外的自由人，面对着大陆的失去，不能急于“青春做伴好还乡”、“光复故土”，心情的沉重是无法避免的，现实上地小人稠的苦恼也是无法避免的。这时候，逃避现实者和弱者们，他们难免不在挫败的情绪下选择一个“发泄甬道”。这个甬道，就是目前“新剑侠派”的“小说”。
“新剑侠派”的特色不是“旧剑侠派”的多年练功苦修得道，而是投机取巧霍然成侠。它的格局多是一群妇人、孺子、跛子、瞎子，一些弱者或有缺陷的人物，在一个偶然的机会，得“秘笈”或“天书”一部，然后突然侠身剑骨起来，任何好汉也打他们不过。因此在“新剑侠派”的产品中，它的结局多是“弱胜强”、“小胜大”、“偶然胜长久”、“变数胜常数”的套子，正好适合挫败者的口味，正好满足逃避现实者和弱者的自卑心灵。
所以，今日的武侠小说，它不但使人沉醉里面，导致追求真正知识的懒惰；并且还败坏群众斗志，造成意志上面的懒惰。这种危机，在自由中国，能清楚地看出来并写出来的，只有“先知”李敖一个人，所以我不得不写出来，同时提出警告。",消遣一旦替代现实行动，就会养懒斗志,李敖批评某类武侠小说给挫败者廉价发泄，使人沉迷弱者突然翻身的幻觉。娱乐本身不是罪，危险在于它替代了知识、训练和现实行动；若一个人只在幻想里胜利，现实中的意志就会慢慢松掉。,娱乐边界;现实行动;意志
SXGJ047,《上下古今谈》,038.斜气下的真理.txt,斜气下的真理,"别以为它只是“斜气”，就因为这股“斜气”，它才为人类带来了真理。回想16世纪的时候，那正是“传统”笼罩“摩登”的时代。当时的所谓哲学界、科学界，都是亚里士多德的天下，亚里士多德是欧洲人的知识大祖师，是他们的大成殿里的主角，谁都不敢反对他，他的遗言就是“真理”，大家一点不怀疑。
例如亚里士多德说，物体降落的速度与物体的重量成正比例。这就是说，愈重的东西降落得愈快，愈轻的东西降落得愈慢。这种大道理，大家一想，就觉得没问题。于是你也信，我也信，大家一起信，一信就信了1500年！
但是1500年后，碰到个大逆不道的邪门人物伽利略（Galileo）。伽利略居然对这种“圣人之言”表示了大胆的怀疑！伽利略坚持亚里士多德的这段话根本是谬说。他认为物体降落的速度，只稍受空气阻力的大小，与本身的轻重比例无关。他的反驳一提出，大家都骂他非圣无法。他不服气，特地约了许多大学生和亚里士多德的信徒，一块儿跑到比萨斜塔的下面，叫他们等着瞧。伽利略跑到斜塔上，把一个一磅重的铁球和一个一百磅重的铁球同时丢下，说时迟，那时快，两个铁球，噗的一声同时落地。铁球落地之日，就是1500年传统垮台之时。“正直”的传统，竟被“斜气”的古塔与人物弄倒了！
自古以来，任何新思潮、新人物的出现，总未免被旧思潮和旧人物看做一股“斜气”，总未免被看不顺眼，怪他们离经叛道，违背“善良风俗”，或违背什么法令什么条例，因而棍石交加、围剿毕至。但是只要新思潮和新人物代表的是真理，棍石和围剿是阻挡不住的。比萨斜塔上的伽利略，就是一个好例子。如今伽利略的精神和学说万古长存，可是那些抓他、审他、要用火刑烧他的魔鬼们，又哪里去了呢？",真理初来时常被看作斜气,李敖借比萨斜塔和伽利略说明，新思想常被旧秩序视为离经叛道。判断一个观念，不能只看它是否顺眼、是否合传统，而要看它能否经得起事实检验；许多未来的正气，最初都带着被围剿的斜气。,真理;反传统压力;事实检验
SXGJ048,《上下古今谈》,039.陈查某之路.txt,陈查某之路,"陈查某先生虽然阔，可是他并不为富不仁，他很仁，他仁得捐出新台币100万，为了台湾的贫苦大众。他说：“取之于社会也应用之于社会，我捐助100万块钱作为社会福利基金，用意在抛砖引玉。”这些话，我颇表同意。
我们中国是一个穷国家，地大而物不博。但是由于朝工商社会蜗进，再加上国难等“机会”，也慢慢滚出了些小财阀。这些小财阀，他们的一块“砖”只有100万，根本比不上外国大财阀的一块“瓦片”，但是跟国内的贫苦大众比起来，他们还算是大阔佬。一般的趋势是，做了大阔佬的人，大都不太会花钱，这是由于他们缺乏花钱的习惯，所以他们常常是金玉满堂而土气十足。他们不会花钱盖个像样的图书馆、美术院、文化中心、或者是一个好的学校或公园。他们至多只是盖个大饭店、造个大球场、以“保”群老的遐“龄”。对于贫苦大众、对于国家的文化事业，他们不但不抛“砖”，甚至吝于丢一块石头。
今天（8月10号）正好是美国“钢铁大王”卡内基（Andrew Carnegie）去世46年的忌日。卡内基的例子也许可供今日小财阀们的参考。卡内基一生赚了数不尽的钱，可是他同时做了数不尽的善事：他办大学、办医院、办图书馆、为国际和平事业捐钱、在海牙造和平宫，又设立各种基金，奖助知识研究和社会改良，直到他死去，他的极大部分遗产又捐给社会，他自己“空忙了一辈子”！
卡内基的例子告诉富人们：赚钱固然是一种本领，花钱更是一种本领。这种本领如果你不趁早学会，你的后人一定会学会，不过那定是另外一种花法——花花公子的花法，这又何苦来呢？",赚钱是本领，会花钱才是更大的本领,李敖称赞陈查某捐助社会，也借卡内基说明富人会花钱比会赚钱更难。财富若只堆在私人享受里，很快会变土气或被后人挥霍；把钱花到教育、文化、医疗和公共福利上，才让财富获得超出个人的价值。,财富观;公益;用钱能力
SXGJ049,《上下古今谈》,040.社会转型未到家.txt,社会转型未到家,"社论里指出今日台湾已度过了“社会转型期的阶段”，“由农业社会转变为工商社会、由关闭社会转变为开放社会，和由男性中心社会转变为两性平等社会。这种转变，我们认为到现在为止，基本上已经定型了。”因为“定型了”，所以它说：“从社会活动上看，看不出当前还有封建思想阻挡社会开放的现象；特别是在男女两性之间。……”因此它分析目前还有“情变案和婚变案”的原因，只是“有一部分人，因为在‘情’的内容中掺进了‘不寻常关系’，自己制造了在婚姻上‘舍我其谁’意识，才经不起人生的平常变化，而酿成悲剧”。所以它呼吁“重视贞操”，为了“我们确认贞操问题乃是情变是否成为悲剧的关键。……‘发乎情，止乎礼’的男女交往原则，必须坚守”。
这是《台湾日报》第二版“社论”的一个大要。但据第八版《上下古今谈》的作者看来，我认为这篇社论的社会转型观点未免太乐观了，换句话说，我认为还没有“定型”，还有许多农业的、关闭的、男性中心的封建思想和事实来阻挡社会开放的现象。只要我们睁开眼睛一看，就可发现这些现象是滔滔皆是的：读经、祭孔、占卜、拜神、中医、国术、平剧、旧诗、公娼、毛笔字、父母之命、农业式的消费观……试问哪一样不是现代工商社会多余的绊脚石？哪一样不是当代时与潮中的拦路虎？在这些旧时代的枷锁下，我们要说转变定型了，岂不太早了吗？",社会转型最忌过早宣布完成,李敖反对把台湾社会转型说成已经定型，因为旧观念和旧事实仍在日常中拦路。个人成长也一样，最危险的不是还没改变，而是刚有一点新样子就宣布完成；真正的转型要经得起生活细节的检验。,转型;自我检验;现代化
SXGJ050,《上下古今谈》,040.社会转型未到家.txt,社会转型未到家,"旧时代的枷锁，随时在不知不觉间，会“枷”我们一下。即以社论中提到的“发乎情，止乎礼”而论，就是一个例子。“发乎情，止乎礼”的目的在“重视贞操”，殊不知贞操一事，跟“情变案与婚变案”并没有决定性的关系，导致情变与婚变的基本因素还是社会不开放，男女交际不够自由，相互认识的可能率太小，所以一下子瞎猫碰到死耗子，便如获绝宝，死命抓住不放，一发现对方有二心，便以刀枪盐酸对付，而“经不起人生的平常变化”。至于说该守贞操，不要有二心，这也不是正视现实之论。瞎猫眼睛会亮，死耗子身体会复活，一旦发现新欢的确胜于旧爱，在巴黎美人面前做柳下惠，岂不是强人所难吗？所以问题的终结，还是社会转型未到家的缘故，并不是别的。
情变，在开放的社会中，在交往频繁的芸芸众生中，是一种平常的事；但是由情变而造成伤人、自杀等悲剧，则是很不正常的事。这种不正常事件的发生，有其症结所在，是藏在两情之中。——社会上情人绝交和悔婚退婚的事，可以说随时随地都在发生，但这些当事者，大都能在心安理得之下各行其是；只有一部分人，因为在“情”的内容中掺进了“不寻常关系”，自己制造了在婚姻上的“舍我其谁”意识，才经不起人生的平常变化，而酿成悲剧。如果在男女正常交往中，避免了这种内容，自可防止悲剧之发生。因此，我们郑重呼吁社会大众，尤其是青年男女，必须重视以下两点，借以维持社会之正常。
第二、重视生命——每个人在其一生中，既不可能事事如意，也不可能完全免于错误，特别在情感的处理上，理智常是被淹没的。因此，情变的本身虽然产生于错误，而更严重的错误却常造成于处理情变的时刻。此际必须充分发挥理智，从纠正自己和创造将来上努力，切不可轻举伤人或轻易戕身。过此而后，心情必然平复。
要之，情变乃是人类的平常事件，它之所以造成悲剧，是由于防范不当。——重视贞操，是为正常的感情建立堤防；重视生命，是替反常的感情从事疏导，在理性的社会中，这是必须认识和必须鼓励的。（1965年8月5日）",情变是人生平常变化，不该用暴力处理,文中把情变看作开放社会中的平常事件，问题在于人们没有学会接受关系变化。爱情不应变成占有的生死战；当关系改变时，最需要的是理智、自由和退出能力，而不是把失去解释成必须报复的羞辱。,感情成熟;开放社会;反暴力
SXGJ051,《上下古今谈》,041.笔上无毛说.txt,笔上无毛说,为什么写毛笔字会弄到今天这种可怜的局面呢？原因很简单：时代变了！写毛笔字，已经完全不合时代的潮流了！任何违背时代潮流的命令或计划，都鼓动不起一般群众的劲儿来了！所以尽管执政者苦口婆心，用毛笔批公文、下条子，都无济于事实上的冷酷否定。这种否定，我想总该使“毛笔迷信家”醒醒了！,违背时代潮流的命令鼓不起群众,李敖反对强制学生写毛笔字，理由是时代已经改变，命令无法挽回不再适用的习惯。做事若只靠权威要求，而不顾现实需要，最后只能收获阳奉阴违；顺应时代不是媚俗，而是承认人的精力该投向更有用处。,时代潮流;教育;务实
SXGJ052,《上下古今谈》,041.笔上无毛说.txt,笔上无毛说,"提到书法一道，诸公不要小视了我李敖在这方面的造诣。我李敖精通唐朝韩方明的“授笔要诀”。“执”“使”“转”“用”，无不得体；“临”“摹”“响拓”“硬黄”，无不在行。我写得一手好毛笔字，只是你们看不到罢了；并且我也不写了，我再也不肯浪费青春，在这几根黑毛上面了。
正因为我个人有在毛笔字上浪费青春的经验，所以我今朝大彻大悟，以过来人姿态，力劝大家不要再玩这一套把戏，尤其不可叫中小学生玩这套把戏。许多正经的事，如生光化电、加减乘除，才是今天青年少年精力贯注的所在，我们国家社会迫切需要的是这种人才，而不是“小书法家”。“小书法家”对国计民生毫无用处，他们即使写得跟于大胡子一样好，又有个屁用？。写了一万次“为万世开太平”，“太平”就“开”了吗？“太平”当然不“开”，不但不“开”，还关得更紧呢！
书法这个玩意，是汉朝流行起来的。汉朝17岁以上的小鬼头要考写字。要“讽籀书”“试八体”。到了唐朝更热闹，甚至设置了“书学博士”的专官！专门考人写字。这种玩物丧志的恶风，到了宋朝，居然开明得废除了。宋朝朱弁在《曲洧旧闻》里说：“唐以身、言、书、判设科，故一时之士无不习书。……本朝此科废，书遂无用于世，非性自好之者不习。”这段文献，证明了一千年前的古人，都认识了写字好坏是“无用于世”的了，并且“非性自好之者”是“不习”的了。我们这些一千年后的子孙们，岂可以再开宋朝人都不屑再开的倒车吗？
据元朝郑枃《学书次第图》的统计，一个人学写字，要在8岁到25岁间，连写18年才有小成，这是何等浪费时力的“国粹”啊！这种“国粹”也好、“国渣”也罢，我建议我们把它彻底赶出学校门外去，不要它再在繁重的中小学课程里捣蛋。中国文字的主要目的是用来传布知识思想的，不是用来写着好看的。“固有文化”若必须借毛笔来还魂，那也真的太可怜了！也真的太看低了“固有文化”了！我们大可不必如此紧张。宋朝人不来写字一科，无碍于“固有文化”的中绝，后代照样还出了书法家赵孟頫、董其昌、刘墉、钱澧、黄杰、（李敖）等人。有这些巨公来压阵、来点缀“国粹”，我们还紧张个啥子呀？",学习要把精力投向真正有用之处,李敖说青年精力应放在生光化电、加减乘除等现实需要上，而不是被无用形式耗掉。人生的学习时间有限，敬重传统不等于把青春押给低效技能；能分清兴趣、点缀和核心能力，才不会在热闹国粹里浪费年华。,学习选择;时间管理;实用能力
SXGJ053,《上下古今谈》,042.关公的计程车.txt,关公的计程车,由于时代的进步，“日行千里”对于人类已经完全不算一回事了，名马的用途，已经抵不住一辆计程车。关云长生于今日，一定改坐计程车或小包车或装甲车，而把赤兔马送到香港跑马厅去比赛。这是时代的进步，反射了旧日英雄名马的悲哀。新时代的英雄造型，已经完全不是那股“嘶喊咆哮，有腾空入海之状”了，他们不去叱咤风云而去戡天缩地，不去血流漂杵而去研讨知识，不去砍砍杀杀而去上下古今谈。他们早已超越了青龙刀赤兔马的时代了，关公再显圣，也不能使时光倒流，也吓不倒他们了！,新英雄不靠刀马，靠知识和创造,李敖把关公赤兔马放到计程车时代里，说明旧式英雄造型已经过时。现代人的力量不在砍杀和叱咤，而在知识、技术、创造和讨论；若还迷恋刀马式威风，就会错过真正改变世界的工具。,现代英雄;知识;时代更新
SXGJ054,《上下古今谈》,043.关公曹操三角恋爱论.txt,关公曹操三角恋爱论,"这段故事，《三国演义》的作者并未写尽事实的真相。关公这次要杀曹操。他的理由，并不止于他自己说的“操贼欺君罔上，我欲杀之，为国除害”；也不止于刘玄德说的“舍弟见操僭越，故不觉发怒耳”。关公这一次“要斩曹操”，实在是因为“吃醋”的缘故。
我说关公“吃醋”，绝不是瞎说，有古史为证。在晋代常璩的《华阳国志》卷六《刘先主志》里，就有这样一段秘辛：
初，（关）羽随先主（刘备）从公（曹操）围吕布于濮阳。时秦宜禄为布求救于张杨（不是电影明星那个张扬）。羽启公：“妻无子，下城乞纳宜禄妻。”公许之。及至城门，（羽）复白（于公）。公疑其（秦宜禄太太）有色，自纳之。后先主与公猎，羽欲于猎中杀公。先主为天下惜，不听。故羽常怀惧。
这个故事还分别见于《蜀记》和《魏氏春秋》，内容大同小异，都分明是说，关公以有妇之夫，打秦宜禄太太的主意，并且一再叮咛曹大官人，千万把这个美人赏他。哪知曹操见色忘义，说话不算，竟把美人儿“自纳之”，无怪乎关公醋火三丈，要在打猎时杀掉老情敌了。
关公一度被曹操俘获，整天予以优容，三日一大宴，五日一小宴，上马一锭金，下马一锭银，可是关公仍是不肯跟曹操合作，终于过关斩将，千里走单骑，复归于刘备。《三国演义》中说关公够义气，华容道“义释曹操”。其实历史上根本没有这件事。华容道那个战略据点，赤壁战争时刘备根本没有派兵，当然也没派关公去。设想当时若真的派了关公去，关公见到老情敌，岂不分外眼红吗？按照现代的尺码，“华容道”岂不要变成“毁容道”了吗？若真来那么一次，我们的“民族英雄”，岂不更要丢脸了吗？
秦宜禄的太太被关公曹操合抢以后，做了王八头。张飞劝他不要这样窝囊，他于是改跟张飞做事，后来又想离开，被张飞所杀。可怜的一对夫妻，在乱世中，竟先后做了“英雄”“奸雄”随意宰割的人肉！",拆偶像时也要查证，不让神话盖住人性,李敖用史料拆关公神话，提醒人们偶像也有欲望、私心和矛盾。成熟的尊重不是不准追问，而是敢把传说还原成人；一旦神话遮住事实，人们就会在崇拜中失去判断力。,偶像反思;史料意识;判断力
SXGJ055,《上下古今谈》,044.福特有福无特.txt,福特有福无特,"1914年真正有意义的“大事”，是美国“汽车大王”福特（Henry Ford）的工人每天8小时工作、工资5元的制度。这个制度，一下子把工资提高了一倍以上，用事实证明了“把利益分一部分给工人和顾客”的好处。因为赚的钱不再是资本家独赚，并且不用“杀鸡取卵”式的方法对付工人和顾客，所以工人方面，增加了生产效率；顾客方面，肯定了“薄利多销”的好处。生生不息的结果是：资本家赚大钱，工人赚小钱，顾客少花钱，三方面都相对的得到了利益。而在社会的构成者中，生产者就是另一脸孔的消费者，消费者就是另一造形的生产者，所以这种生生不息，也就等于是全社会的生生不息、全社会的共同繁荣。
福特的例子，证明了资本家把直接的利害看得远一点，对他们自己绝无害处。不但无害处，反倒有好处。资本家不斤斤计较于目前的小利，甚至肯牺牲一点小利做“投资”，使“穷小子们”也能活，并且活得好、有购买力，对资本家的事业，实在百分之百的有好处。岂止有好处，还可以增加安全感，使马克思牛克思们，无法再煽动“穷小子们”捣蛋，朝资本家的汽车丢石头。
“汽车大王”的目标是“人人有车坐”，人人可以买得起车，并且换好车。在这种目标下，资本家绝对不必死命地“剥削”工人和顾客，他不必把他们“一棒打杀”，也不跟他们“只做一两次的或眼前的生意”。他要放长线、钓大鱼。资本家有这种眼光，他可以尽量“让步”，不“竭泽而渔”而去“养鱼”，准备钓大鱼；而工人和顾客呢，如果相安勿躁，不采取嫉妒、激烈的手段，他们也会意外地发现，他们也可以钓到小鱼或中鱼。这叫做“大家都有鱼”！",把利益分给相关人，是最长远的自利,李敖从福特提高工资谈起，说明让工人、顾客和资本家都得利，反而能带来更长久的繁荣。凡事只想榨干眼前利益，等于杀鸡取卵；愿意让别人也活得好，常常不是牺牲，而是更深远的自利。,共赢;长远利益;财富观
SXGJ056,《上下古今谈》,044.福特有福无特.txt,福特有福无特,"如果资本家没有这种眼光，工人和顾客没有这种深远的了解，双方死命地争眼前小利，闹得剑拔弩张，由罢工而暴动，那么结果是“大家都完蛋”。在一蹚浑水之下，被马克思牛克思“混水摸鱼”。其结果，资本家固然没有大鱼，工人和顾客也得不到小鱼。真正的垄断者，即将变成组合主义和集体主义的牛头马面，而牛头马面则是“身挂武士刀的新资本家”。这些“新”资本家的形态，有极左派的斯大林式；有极右派的希特勒式，他们标榜的政治口号虽不相同，可是骨子里的经济政策，却是一个窑里烧出来的。那个形态就是以独裁者控制下的党团做“身挂武士刀的资本家”，与“民”（包括“旧”资本家、工人和顾客）争利。争利的结果，“穷小子们”固然是更穷的小子，“旧”资本家也变成了“穷小子们”中的一员。国家的财富，全部跑到独裁者“集体”“统制”“官办”“党营”“公卖”“国有”等的“吸财器”里头去了，人民抵抗独裁者的力量之一——财富的力量——也就完全垮掉了。
今天（8月15号）是66年前“汽车大王”从事汽车业的开始日，我们不要忘记这个主张“藏富于民”的大人物。只有“藏富于民”，才能维持社会的真正稳定；只有“藏富于民”，才能抵制“藏富于独裁者的党团”，才能使我们走上“反奴役之路”。",藏富于民是抵抗奴役的根基,李敖认为财富分散在人民手里，社会才有稳定和抵抗独裁的力量。藏富于民不是抽象经济口号，而是让公共力量不被少数权力垄断；当财富和资源过度集中，人们抵抗奴役的现实能力也会被一起抽空。,藏富于民;经济自由;反奴役
SXGJ057,《上下古今谈》,046.我要颠倒黑白.txt,我要颠倒黑白,这位金牧师，可说是黑人争取民权运动最得人心的英雄。他生平最受甘地“不抵抗”、“非暴力”等思想的感召，竭力主张在“相信法律和秩序”的前提下，争取黑人地位的平等。他说他不但是为了黑人而奋斗，也是为了“白人的自由灵魂”（the free soul of white man）而奋斗。在这种伟大的目标下，他自己曾经收到无数的恐吓信和侮辱信、挨过刀子拳头、家里三次被炸、又坐过十四次的牢。但是他永不灰心，永远主张用和平的方式来争取人权。他面对一切反动的势力，面对谋杀、殴辱、木棍、皮鞭、警犬、救火队水龙头、催泪瓦斯手榴弹，以及枪杆和马队，绝不还手，可是也绝不退缩。他在1955年曾领导过一次抵抗歧视有色人种的公共汽车运动，大家步行上班，一共坚持了381天！终于使这种陋规垮台。这种和平方式的效果，感动了人们的心灵，烧热了群众的血液，为人类争取自由的历史，加添了最可贵的一章。,非暴力不是退缩，而是有秩序的坚持,李敖称赞马丁路德金在法律和秩序前提下争取权利，面对恐吓、牢狱和暴力仍不退缩。非暴力不是没有力量，而是把愤怒训练成纪律，把痛苦转化成持续行动；这种坚持比一时爆发更能改变人心。,非暴力;坚持;人权
SXGJ058,《上下古今谈》,046.我要颠倒黑白.txt,我要颠倒黑白,三百多年来，黑人问题一直是美国的耻辱，这是谁都不能否认的事实。近来一再发生的黑人问题，由于变成人们注目的焦点，再加上世界新闻界的搅臭，所以被扩大得不成比例，我认为这是很不公平的态度。试问比起共产世界的奴工制度来，黑人问题又算得了什么？可是又有谁在替那些劳动集中营里千千万万的“今日黑奴”讲话呢？又有谁在整天发消息、提抗议呢？黑人问题发生在美国，三百多年来，大体总用缓进的手段解决问题，这是这个国家最了不起的成就。试看去年二十万人的华盛顿大游行，他们是那样的尊重“法律和秩序”，这种群众的水准，世界上又有几个国家做得到？若换成了东方的民族，不暴动得天翻地覆那才怪；不搞得黑人白人都变成血流满面的“红人”那才怪。所以我说，只有这种文明的社会，才扛得起这样不文明的历史包袱。美国佬大可不必悲哀，我们也大可不必用放大镜来跟着搅臭。因为这种搅臭，是实在不公平的。,文明社会的价值在于能扛住不文明包袱,李敖认为美国黑人问题虽是耻辱，但能以缓进、法律和公共运动逐步处理，也显示文明社会的承受力。判断一个社会或个人，不只看有没有黑历史，还看它有没有公开面对、逐步修正、承受批评的能力。,文明;自我修正;历史包袱
SXGJ059,《上下古今谈》,047.读者怒吼之一.txt,读者怒吼之一,"这封颇为有趣的毛笔信，有名有姓有地址，很可表示写信人的“严肃态度”，很令我李敖敬佩。
我李敖佩服这位写信人，最主要的原因是我三年多来，常常收到一些“黑邮船”（black mail），这些可怕的匿名武器，胆小的人一定被吓出大便来。匿名信中有的骂到我的祖宗三代、有的声言要杀掉我、有的用图解表解来铺陈恐怖事项、有的还用“上帝之剑”来预言我将被天罚……这些由绿衣人带来的“祸”音，我把它们贴成一厚本子，偶尔在“胆大妄为”时翻它一翻，聊做“谦冲”之资。这次这位写信人不用“黑邮船”手段，用“传统和正义之剑”来“杀”我在他眼里的短处，我非常感谢，并且愿意代为公布此信，以示雅量。",批评可以公开，匿名恐吓不配当论辩,李敖把具名骂信和匿名恐吓区分开来，前者虽刺耳仍可公开讨论，后者只是胆怯武器。真正的争论需要承担姓名、理由和后果；不愿负责的攻击，只能制造恐惧，不能贡献判断。,论辩伦理;公开批评;责任
SXGJ060,《上下古今谈》,047.读者怒吼之一.txt,读者怒吼之一,"法国的自由派大师伏尔泰（Voltaire）曾有一段名言，他说：“你说的话，我一句也不赞成：可是我要拼命为你争取有说这话的权利。”这是在言论自由时代，我们最该实行的态度。何况这位写信人的话，绝非我李敖“一句也不赞成”，例如他说我李敖主张“凡是中国固有的文物——如毛笔字、中医……都应该扬弃”等等，就是很正确的论断，我完全接受，并且谢谢他的肯定。
此外，本文有一半是引证这位先生的原信，稿费亦由我冒领，非常抱歉。亟盼日后陆续指教，为“言论自由”的第100期任务，共同奋斗",言论自由要保护反对你的话,李敖引用伏尔泰精神，强调即使不同意对方，也要维护对方说话的权利。言论自由最难处不在保护自己喜欢的意见，而在保护刺耳、冒犯、反对自己的意见；能做到这一点，讨论才不只是同温层的礼貌。,言论自由;宽容;公共讨论
SXGJ061,《上下古今谈》,047.读者怒吼之一.txt,读者怒吼之一,法国的自由派大师伏尔泰（Voltaire）曾有一段名言，他说：“你说的话，我一句也不赞成：可是我要拼命为你争取有说这话的权利。”这是在言论自由时代，我们最该实行的态度。何况这位写信人的话，绝非我李敖“一句也不赞成”，例如他说我李敖主张“凡是中国固有的文物——如毛笔字、中医……都应该扬弃”等等，就是很正确的论断，我完全接受，并且谢谢他的肯定。,被骂时先听其中有没有可接受的判断,面对读者指责，李敖没有全盘防御，反而承认其中有些说法正中他的主张。被批评时最难的是从敌意里分离事实；若只顾反击，就会错过可用的提醒，也会把自己的判断降到对骂层次。,接受批评;自省;判断力
SXGJ062,《上下古今谈》,048.用笑脸做后盾.txt,用笑脸做后盾,"中国的古人里，颇有一些承认“笑脸”的故事。他们反对用严肃的脸孔来做人处世，他们相信笑嘻嘻的态度、轻快的态度，照样可以把事情办好。古人中最有名的例子就是鲁仲连。左思的诗描写鲁仲连，说他“谈笑却秦军”，就指的是这种态度。苏轼描写诸葛亮，说他在赤壁战争中，“谈笑间，强虏灰飞烟灭”，也指的是这种态度。
但是鲁仲连和诸葛亮，还不算善用笑脸的高手，他们只是偶一为之；真正的笑脸大王是汉朝的东方朔。东方朔在严肃的朝廷里，运用他的幽默和机智，办了不少好事，也占了不少便宜。有一次有人送了皇帝一副长生不死药，被东方朔发现了，老实不客气，偷来吃了。皇帝闻之大怒，要杀他。他笑嘻嘻的答道：“如果药不灵，我没罪，送药给你的人有罪，你杀我干嘛！如果药灵，那我可长生不死，你要杀我，也不会成功。”皇帝一听这个逻辑上的“两难式”，搅得糊涂了，噗哧一声，也笑起来，只好罢罢罢。
用笑脸来做人处世的人，他们的基本精神，在相信人间的许多“严肃”的事，大可不必用“严肃”的手段来解决，不需要一本正经的脸孔，也不需要金刚怒目的神情，大家大可以用嘻嘻哈哈的轻快态度，来待人办事或排难解纷。用这种态度的人，他们的健康状态，一定比“严肃”派来得好，对事情的解决，也比“严肃”派有效得多。
在西方，一个善用笑脸办事的人，是土耳其凯末尔以后的总理伊诺努（伊斯美）。此公在凯末尔当政时代做外交部长，在会议上跟英国人打交道。英国的代表气势汹汹，大声斥责这个弱国的小代表。可是伊诺努却笑脸迎人，满不在乎。他说他耳朵有点聋，听不清楚这位英国代表吼些什么，最好请这位英国代表说清楚些。可是事实上，英国代表明明知道伊诺努在故意装聋卖笑，因为在会议中，凡是有利于土耳其的讨论，伊诺努全部听到了；而不利于土耳其的讨论，他一律推托没听见、一律撒赖。这种“近东病夫”笑脸办外交的作风，实在值得“东亚病夫”参考。
在印度，东方人第一个得诺贝尔奖的大诗人泰戈尔，曾有一次谴责英国的作风，责备这些约翰牛不要再对印度人横眉怒目。他说你们这样凶，会吓坏小孩子，可是却吓不坏不怕你们的人。所以为今之计，还是摆下笑脸罢！
对严肃而古老的中国民族，多摆一些笑脸，应该是我们最好的营养，不但是好营养，也是一种好后盾。",幽默感能处理严肃事,李敖从东方朔、鲁仲连等例子说明，严肃问题未必非要用沉重脸孔解决。笑脸不是轻浮，而是一种把紧张局面松开、把权威气势化掉的能力；会笑的人，往往更能保持健康、弹性和谈判空间。,幽默;处世;弹性
SXGJ063,《上下古今谈》,049.民主趋向.txt,民主趋向,"19世纪早期，正在英国“在国内”走向近代民主政治的时候，欧洲却正走着反动的方向。1814年到1815年的维也纳会议，是这种反动方向的最好说明。反动的群雄头子是奥国，其他有俄国、普鲁士、法国，和“在国外”的英国。这些反动的势力，虽然盛极一时，可是究竟在近代民主政治的趋向里，他们逃不掉绊脚石和拦路虎的可恶地位，所以他们势力的逐渐衰落，也是必然的事。就在维也纳会议以后的三十三年里（1815-1848），世界上至少发生了十次显明的革命，这些革命，刷新了世界的颜色，直到第一次大战结束（1918），这个世界，又开始用新的面貌出现。
第一次大战后，至少德国、沙皇时代的俄国、奥国、土耳其、保加利亚等反动势力，暂时消失了他们的色彩。但是很快的，新起的反民主的独裁势力，从第一次大战尾声时代，就开始酝酿起来了。他们的什么主义，不论是极右派的法西斯主义（Fascism）和纳粹主义（Nazism）；或是极左派的共产主义（Communism），其为反民主的把戏，都是一套的。在二次大战以前，右派的独裁有匈牙利、意大利、西班牙、阿尔巴尼亚、希腊、波兰、葡萄牙、南斯拉夫、德国、奥国、巴西、土耳其、波斯、日本（军人专政）等等；左派的独裁有苏联。这些反民主的局面，当时又是盛极一时。但是这种一时之盛，也只不过是回光返照而已。1945年二次大战以后，这些独裁的局面大都被淘汰了，剩下的只是西班牙、苏联等少数政权而已，比起当年那种“独裁是尚”的风气，已经大大的消沉了。
即以西班牙和苏联残余独裁势力而论，在不断的民主时潮的冲击下，赫鲁晓夫的手法和今日佛朗哥的手法，也不得不做相当程度的修正，旧式“叱咤风云”的独裁嘴脸，也不得不用较和缓的面具来取代了。
有历史眼光的人，他们必然会从时代的趋向，去观察一切反动的政权和独裁者，然后为他们的悲剧命运，描绘死亡的景象。今日的反动的政权和独裁者，不论他们一时的暴力多么“表面的强大”，都不能扭转他们在历史潮流中的逆流地位，他们的悲剧脸谱，可以由这些事实概括得到：
上面这些“不开放”、“不敢开放”的狭窄表现，这种“心理紧张”的无安全感，都反证了独裁阴影中内心的恐惧，证明了他们对自己和别人的不信任，证明了他们不敢拆掉围墙和竹幕，迎接外界光亮的挑战。
在这样明显的时代潮流里，一个政权不能“顺流而下”而要“悍然自毁”，必然导致它自身的悲剧收场。作为新时代的中国人，我们必须不要迷失我们在民主时潮中的方向，我们不要为了一时的短视和情绪，而丧失了对民主趋向的信念。",历史眼光让人看见独裁的逆流位置,李敖把反民主政权放进近代潮流中观察，指出表面强大的独裁常处在历史逆流。一个人若只看眼前声势，容易被强权吓住；有历史眼光，才看得见某些东西越凶，越说明它害怕开放和光亮。,历史眼光;民主;反独裁
SXGJ064,《上下古今谈》,049.民主趋向.txt,民主趋向,"上面这些“不开放”、“不敢开放”的狭窄表现，这种“心理紧张”的无安全感，都反证了独裁阴影中内心的恐惧，证明了他们对自己和别人的不信任，证明了他们不敢拆掉围墙和竹幕，迎接外界光亮的挑战。
在这样明显的时代潮流里，一个政权不能“顺流而下”而要“悍然自毁”，必然导致它自身的悲剧收场。作为新时代的中国人，我们必须不要迷失我们在民主时潮中的方向，我们不要为了一时的短视和情绪，而丧失了对民主趋向的信念。",别为短视情绪丢掉民主趋向的信念,文末提醒新时代中国人不要因一时短视和情绪迷失民主方向。人生中的长期信念也常被短期挫折动摇；越是看见现实混乱，越要分辨大方向和小波折，不把暂时失望误判成道路错误。,长期信念;民主;方向感
SXGJ065,《上下古今谈》,050.如果爸爸犯了罪.txt,如果爸爸犯了罪,"桃应问曰：“舜为天子，皋陶为士。瞽叟（舜的父亲）杀人，则如之何？”孟子曰：“执之而已矣！”“然则舜不禁欤？”曰：“夫舜恶得而禁之？夫有所受之也！”“然则舜如之何？”曰：“舜视弃天下，犹弃敝屣也！窃负而逃，遵海滨而处，终身欣然，乐而忘天下。”
这个故事，颇能写出中国人的感情与法律的观念。这个故事的重点是，虞舜的父亲杀了人，虞舜的处境该怎么样？依孟夫子的说法，虞舜本人，一方面应该尊重法律，由司法人员去抓他父亲；一方面又该重视亲情，偷偷地把老子背跑，潜逃到海边去，皇帝也不做，天下也不管，陪老子玩一辈子。
孟夫子这个两面讨好的办法，本身是对立的、冲突的。一方面要因公忘私；一方面又要假公济私。一方面要执行公务；一方面又利用职权上的方便，协助逃犯。这种公私两全而又不两全的手法，后来演变成中国官场上最爱用的手法。对这类手法的描写，《水浒传》中可以找到不少例子。对这类作风，我把它叫做“明捉暗放”“外公内私”的作风。
探讨孟夫子这种两面论，我们一看便可知道它的思想远源是孔夫子的“父子互隐论”。《论语·子路》篇中，有一段对白如下：
叶公语孔子曰：“吾党有直躬者，其父攘羊，而子证之。”孔子曰：“吾党之直者异于是：——父为子隐，子为父隐，直在其中矣！”
从真理上来说，父亲偷了羊，做儿子的，除非违反真理，没法否认这种事实。但孔夫子在这里的论据，却不是以“真理”做基点的，他主张儿子要隐瞒，甚至还认为这种隐瞒是“直”的行为，这就未免说不过去了。也许孔夫子是从象形文字上着眼，故意用“直”字来象征“真”字少两点罢？
今年7月7号，合众社发来一个美国密歇根州卡拉马索地方的消息，说有一个名叫海瑞克的警长，因为汽车控制失灵，造成了车祸，他开车逃跑，闯过红灯，被一个警察逮住。这个警察，不是别人，就正是他的儿子！海瑞克被处罚金，罚了16元。
用“大义灭亲”的旧套子说，这件事情，可说是“大义捉亲”“大义罚亲”。这种举动，中国历史上大概只有郑成功做得出来。郑成功曾因他的海盗父亲郑芝龙投降异姓，而公然楬橥“大义灭亲”。这种风范，在中国社会里真是石破天惊的事。设想孔夫子孟夫子若是活到明末清初，他们对郑成功不口诛笔伐那才怪。孔孟的精神是主张“事亲”的，甚至是“三年无改父道”的。换句话说，郑成功应该追随他父亲，去做海盗汉奸才对。但是事实上，郑成功却完全不买儒家思想的账。由此可见，郑成功“不是中国人”，他在这一点上是西方人、美国人。我们读历史的时候，尤其是读明末清初台湾史的时候，不可不注意这一点。",亲情不能凌驾真相和法律,李敖批评父子互隐和外公内私，认为亲情不能把事实和法律一起遮住。爱亲人不等于替亲人取消责任；一个社会若把私情放在公理之上，最后每个人都可能成为别人关系网之外的受害者。,公私边界;亲情;法治
SXGJ066,《上下古今谈》,051.西餐叉子吃人肉.txt,西餐叉子吃人肉,"三年半前，我在《给谈中西文化的人看看病》一文里，曾讲到一个小故事。我说：一个英国探险家，在探险中碰到一个有吃人肉风俗的蛮人，等到他发现这个蛮人竟是英国大学出身的，他大为惊奇。他问这个蛮人说：“你难道还吃人肉吗？”这个蛮人的答话可妙了，他说：“我现在用西餐叉子来吃了！”
这个小故事，我所以一再引述，只喜欢它含义的深长。所谓“西餐叉子吃人肉”，它的思想型模，是“半吊子西化”的一个类型，是选择性的接受西方现代文化，然后再“融会”固有文化，做成一个非牛非马不伦不类的配合。其结果，外似“融会中西”，内实狗屁狗屁，并且还常搅得新旧杂糅，社会大乱。
中国人所闹出来的“半吊子西化”的情况，我在《给谈中西文化的人看看病》里，曾举了一些实例，我说：
试看我们社会中有多少人坐着1961年的汽车却装着1691年的旧脑袋？有多少人用着新式印刷机制造着冥纸锡箔？有多少人用着麦克风宏扬圣教佛法？…… 孔夫子的后人穿着新式西装，抽着名贵烟草（洋货），坐在先师奉祀官府里写毛笔字；张天师的后人也同样在天师府中服气炼形，或走到广播电台，用科学方法来导引胎息！……这些“中学为体”的臭腐，“西学为用”的神奇，哪一点比那用叉子吃人肉的老哥高明？哪一点不代表我们在皮毛的西化？——匪夷所思的西化！
固有文化所能给我们的，除了空洞名词和抽象观念外，还能有些什么？挽救固有文化的结果，除了更暴露它的可怜外，还能得到些什么？这几个月来，台北的舞厅流行“国乐伴舞”了，可怜的“国乐”！“国乐”如此，其他又何独不然？固有文化是一个衰弱的老头子，我们已无法要求他适应新的生机和生命力。把他拖出来做太多的招摇与活动，不但害了我们，对他自己也不见得有好处。还是让他局限在博物馆一类的养老院里，安度余年罢？",过时传统适合进博物馆，不适合支配生活,李敖把衰弱的固有文化比作老头子，主张让它在博物馆式位置安度余年，而不是继续支配现实。尊重过去不等于让过去统治现在；能保存的保存，能欣赏的欣赏，但不能让无生命力的东西拖住新生活。,传统边界;现代生活;文化取舍
SXGJ067,《上下古今谈》,052.明星即英雄.txt,明星即英雄,"三十九年前（1926年）的今天（8月23号），一个伟大的人物死在美国纽约。他的尸体停在那儿，四面有鲜花围绕，消息从四面八方传出来，四海震动。跑到他身边瞻仰遗容的有4万人，他们来看的不是“民族英雄”、不是“政治豪杰”、不是“宗教领袖”，也不是“工商巨子”。他们来送别的，是历史上第一个“大众情人”——大名鼎鼎的影坛“英雄”瓦伦蒂诺（Rudolph  Valentino）。
瓦伦蒂诺崛起在早期的影剧界，以他的天才、随遇与精湛的演技，为人群塑造了“大众情人”的偶像。他的一举手、一投足、一颦一笑、一言一动，都变成群众注意的焦点。这个焦点不但在银幕上出神入化，并且还走下银幕，在银幕外面疑梦疑真。自人类有历史以来，到瓦伦蒂诺的出现，以“匹夫”的力量，不靠枪杆、不靠笔阵、不靠铜臭的发散，而纯粹靠自己的“可爱”来造成“大势力”的人，瓦伦蒂诺可说是一个空前者。尤其可贵的是，瓦伦蒂诺之讨人喜欢，一点也没有勉强的成分。他从内心发出热与力，穿过他的身体，直接又穿进人们的内心。这种效果，颇有佛门中“直指本心”的味道，这是一种大力量。试问世界上还有什么力量，能超过直接掌握人心的力量呢？
自古以来，人类中总有出类拔萃的“英雄”式人物出现，受到群众的盲目欢呼或被迫欢呼，再受到历史的渲染肯定或虚伪肯定。这些“英雄”式的人物，他们的成功，大都建筑在人们（至少是一部分的人们，如“敌人”）的血汗之上，他们要“一将功成万骨枯”、要“泽国江山入战图”、要“血流漂杵”、要“民有饥色”、要奴役这个、要打倒那个。
可是，当瓦伦蒂诺出现的时候，这个时代完全不同了，人们开始改变对所谓“英雄”的看法了。瓦伦蒂诺之成为“英雄”，他的方法是中国儒家的不杀一不辜或行一不义，他只要用他的造形和演技，就“征服”了他所要“征服”的一切。
瓦伦蒂诺成为新时代中新定义下的“英雄”，采取的，完全是平和温煦的手段。他不要人们的太太做小寡妇，他要使人们跟太太睡在一张床上，可是却同床异梦，——为了他是太太们所朝思暮想的“春闺梦里人”。换句话说，“英雄”瓦伦蒂诺绝不谋杀丈夫们的身体，他只是偷去他们太太的心。
从瓦伦蒂诺以后，明星成为新时代的“英雄”典范，也该大大改写卡莱尔的“英雄崇拜”的理论，值得我们特别重视。历来用睥视“戏子”的眼光来看明星的中国人，必须重新检讨自己的错误，必须对这些新时代的“英雄”刮目相看，必须追随女人扬弃旧时代的“英雄”定义。只有这样，才能制服你的太太，使你的天庭之上，少戴一顶有颜色的帽子。",新时代的英雄可以用可爱而非杀戮征服人心,李敖把瓦伦蒂诺视为新英雄，因为他不靠枪杆、金钱或血汗，而靠魅力和演技掌握人心。英雄定义可以改变：能给人快乐、想象和温柔影响的人，也可能比杀伐型豪杰更符合现代文明。,英雄观;魅力;现代文明
SXGJ068,《上下古今谈》,052.明星即英雄.txt,明星即英雄,"“英雄”人物（方以直）
阮毅成先生在世新校刊上写回忆录，谈到抗战时期，他在浙江工作的时候曾看见许多“抗战英雄”，这些人的“英雄本色”是“挥金如土，杀人如麻”。
真的！那时候，我在另一个地区，用我还不甚更事的眼睛，观察过另一批这个样子的英雄人物。他们是立法者，同时又是司法者；他们是收税的人，同时又是消费的人；他们是行政者，同时又是监察者。那个特殊的形势，孕育了这么一种特殊的人物：他们是司令，但同时是强盗；他们保民，但同时残民；他们杀敌，但同样杀老百姓。
“挥金如土”四个字代表了这些人的经济思想，“杀人如麻”四个字代表了这些人的法律思想，我记得，还有一句并行的口号是“视死如归”。如果有一天，他在敌人的炮火下捐躯，他不在乎；如果有一天，他在国法的制裁下临刑，他也不在乎。他早已把这两种情形列入预算，他毫无忌惮的在兵凶战危之区假政府威信多行不义。
挥金如土！杀人如麻！视死如归！这是何等的浪漫、何等的豪壮、何等的罗宾汉、何等的尼罗！然而，对老百姓来说，那是什么样的生存环境！
由于抗战的特殊战略，这些英雄大部分并未在疆场马革裹尸。由于国家的权力在战时必须有所权变，这些英雄大部分也未曾受到法律的追诉。这些英雄，为自己创造了多采多姿的一生，为生灵创造了血泪；他们在战区使青天白日旗飘扬无恙，却斵丧了国家元气。他们一面“抗战”，并未一面“建国”。
自从“卢沟桥的炮火惊醒了远东的睡狮”，于今二十有八年矣！得保首领的“英雄”，大半已死在床上，我这个小观众也早有老大伤悲之意。我们该怎样评论那些“英雄”人物呢？他们这个样子的“英雄”，究竟是聊胜于无，还是应该“宁缺勿滥”?
英雄！英雄！你是人杰，也是败类！抗战！抗战！你是我们的骄傲，也是我们的隐痛！（《征信新闻》五十四年六月十七日）",英雄崇拜要问他给百姓留下什么,附录里所谓英雄挥金如土、杀人如麻，提醒人们别只被豪壮叙事迷住。评价一个英雄，不能只看他多精彩、多浪漫，也要看普通人在他的时代里怎样活；若百姓只得到血泪，英雄光环就该被重新审判。,英雄反思;百姓视角;价值判断
SXGJ069,《上下古今谈》,053.王宝钏精神.txt,王宝钏精神,"最近因为一中学校长与一海外留学生的太太通奸，引起了不少的争论，当一个省议员提出留学生太太“守空闺”的问题的时候，省主席曾呼吁留学生的太太们要效法王宝钏，要苦守寒窑18年！
对省主席的高论，我只有佩服。但是我承认：我若是女人，我一定做不到，并且丝毫不觉得有做到的必要。我不肯这样做，理由很多。主要的理由在罗素《婚姻与道德》一书里说了不少，不服气的人不妨参看。
反看王宝钏的丈夫薛平贵，他在这18年里做了些什么呢？他不但没有“苦守寒窑”，反到讨了“代战公主”做了太太！
18年后，薛平贵回去看王宝钏，在《武家坡》戏词里还有这么一段：“洞宾曾把牡丹戏，庄子先生三戏妻，秋胡曾戏过罗氏女，平贵要戏自己妻！”——18年的苦守。先换得的，竟是丈夫这门子“戏妻”的雅兴！
薛平贵的安排下，王宝钏会见了代战公主。平剧中《大登殿》戏词中，写王宝钏的心情如下：
王宝钏低头用目看，代战女打扮似天仙。怪不得儿夫他不回转，原被她缰住了一十八年！宝钏若是男儿汉，我也在她国住几年！
这种对外国婆子“我见犹怜”的心情，最像晋朝桓温的太太。这时候，王宝钏本可到台中法院控告薛平贵“重婚罪”的，可是她大概知道不会得到公平的裁判，所以她屈服了。于是薛平贵大唱道：
孤王金殿来观看，二梓童打扮似天仙。宝钏封在昭阳院，代战公主掌兵权。赐你二人龙凤剑，三人同掌锦江山。
于是王宝钏和代战公主“你为正来我为偏”，“学一个凤凰伴君眠”了。代战公主既不需要黎东方教授收为干女儿，也不需要被妇女会通电驱逐，薛平贵这种施诸女士们的显然阴谋，比起新时代的施显谋来，真是“不可原谅”多多了，可是他却有“好运气”，而今日的王宝钏，她却老实不客气，在台北法院里告上一状，这是时代的进步，也是妇女的抬头，当然相对的是男权的下降，和一切薛平贵式人物的悲哀！
在近代世界的贞操观中，大家公认的事实是，提到贞操，男女是相对的，不再是女人一方的。整天在外面胡搞女人的丈夫，没有资格谴责自己的太太在家里偷汉，太太也没有独守空闺的义务和必要。这种认识，根本否定了“王宝钏精神”，并且认定“王宝钏精神”像“愚忠”“愚孝”一样，只是一种没有意义的“愚贞”而已。
这种可耻的片面的贞操观念，就是中国人肯定过的思想：不但受益的男人肯定，甚至吃亏的女人也肯定，这真是不可思义。如今，在新时代里，我们不但要打倒“薛平贵思想”，也要打倒“王宝钏精神”。只有这样，我们的两性生活才有一条活路。",片面贞操观是愚贞，不是美德,李敖反对要求女人单方面苦守，而男人却可以另娶另爱。贞操若只约束弱势一方，就不是道德，而是权力安排；真正平等的关系不能把一方的牺牲包装成美德，再把另一方的放纵说成传统。,两性平等;反愚贞;关系伦理
SXGJ070,《上下古今谈》,054.王宝钏的另一面.txt,王宝钏的另一面,"可是，我们研究民情的人不要忘记，“王宝钏精神”虽然如此落伍不通，但是这仅限于两性贞操的一面；她本人在另一面——恋爱自由婚姻自由的一面，却一反其道，表现得极为进步勇迈。这一点上，平（京）剧中《红鬃烈马》可以提供我们不少材料，值得我们进一步的论列。
话说王宝钏小姐在深闺时代，一天在花园里碰到“穷小子”薛平贵在那儿睡觉。慧眼识英雄，春情想汉子，立刻把薛平贵叫醒，告诉这“穷小子”，说她要打彩球招亲，请他届时跑来抢球。于是平剧中《彩楼配》开场，王小姐和薛先生好像篮坛国手，在众目睽睽之下，一抛一接，竟不差毫毛。王宝钏的父亲王允，看到许多在场的公子王孙都没有接到球，反被“穷小子”薛平贵接到，大惊失色，决心“一不该，言而无信，要把婚姻赖”。哪知女儿王宝钏，乃是见到汉子，信誓旦旦的人，死命不肯赖婚。气得王允怒不可遏，乃至父女二人表演《三击掌》，双方发誓脱离父女关系，永不相见。平剧中《三击掌》唱词，可节录出这样的对话：
父女二人，为了“严防”双方再见，于是“三击掌”发誓。发誓后，王宝钏唱道：“一霎时失去了父女情！休怪儿与父三击掌，老爹爹做事太无情！”
在父亲无情的干涉婚姻自由下，王宝钏以相府宦门之女，跟薛平贵搬入寒窑冷洞之中，直到薛平贵“投军别窑”，她仍旧之死靡他，坚持不变。后来她的母亲来看她，在“母女会”中，她恩怨分明，告诉她妈妈说：“老娘亲不必两泪淋，女儿言来听分明：倘若爹爹丧了命，女儿不去哭半声，非是女儿心肠狠，他把儿夫妻不当人！倘若老娘遭不幸，披麻戴孝是儿身，守墓入土把孝尽，也不枉老娘把儿生。”
王宝钏这种为了恋爱自由婚姻自由，而吃尽千辛万苦，不惜与老子决绝的勇气，可说是我们中国民间最伟大的性爱故事，值得每一位新时代女性的效法与回味。",恋爱婚姻自由需要敢和父权决裂的勇气,李敖在另一面肯定王宝钏反抗父亲干涉婚姻的勇气。传统人物也可能有进步部分，关键是分辨：自甘吃亏不值得学，争取恋爱和婚姻自主却值得记住；自由往往要从不再把父权当最终裁判开始。,婚姻自由;女性勇气;父权反抗
SXGJ071,《上下古今谈》,055.判案不是猜谜！.txt,判案不是猜谜！,"不过值得注意的，还不在法官乱用“自由心证”，而在法官的证据认定和逻辑知识。这个案子，初审法官判刘堂坤死刑，用的完完全全是“猜谜”的方法，而不是严格的证据。换句话说，这么一件人命关天的大案子，用“想象的情况”来“猜”出刘堂坤是凶手，这种“执法”，是我们绝不敢领教的。我们认为这是一切冤狱和人权侵犯的祸源。
犯罪之认定全凭客观的证据，这本是近代证据法则的公理，不容任何什么训练班讲习班出身的法官乱来曲解的。不根据证据而根据荒谬的类推方法来判案，这种流弊是最危险的。即以这次命案为例，刘堂坤在初审中被判死刑，洋洋万言的判决书完全是一篇“猜谜示范”的范本，并不是咬得紧紧的有力证据书。用这样“想象的情况”来判人死刑，它的毛病，在二审判决中立刻就暴露了！二审判决推翻初审判决，并不是不把刘堂坤判死刑，二审判决照样把这个可怜的医生判了死刑。所不同的是，二审判决又从另外一个角度来编织“想象的情况”来“猜谜”。这无异是说：初审的法官呀！你们的年资太浅，想象力不够，你们猜得不好！还是看我的！
于是，洋洋万言的二审判决书里，刘堂坤又被描写成另一种想象杀人的方式。
但是，事实上，刘堂坤再恶性重大、再神通广大，他“杀人”的情况，在实行过程中只有一种，绝不可能有两种。而我们“高明光大”的法官，却居然能构想出两种出来！这不是大笑话吗？
为什么会一次“杀人”，却出现“罗生门”式的两种情况来了呢？究其原因，就是毛病出在判案不根据“证据”而根据“想象”，法官不东奔西走地找证据，而是天南地北地想情节，这种作法，写武侠小说可以，判别人死刑却万万不能。因为根据的是“想象”，所以甲有甲的想法，乙有乙的构思，丙又有丙的细节描绘，如此“想象的情况”，不但二审可以打初审的耳刮子，三审照样可以打二审的耳刮子，并且如果有个十审八审，照样可以被各审想象力丰富的法官，想象出十种八种不同的情节，打出十种八种不同的耳刮子，而刘堂坤也就更“万死难逃”了！
我这篇文章的意思，绝不说刘堂坤是凶手或不是凶手，我只是指出，不管刘堂坤是不是凶手，判他的罪，没有证据是不行的，不像样的证据也是不行的。我们要“诛”刘堂坤，不能“以意诛之”或“心诛”，我们要根据铁证才能“诛”他。不管诛不诛，我提议刘堂坤下辈子最好去当法官，而法官们下辈子最好去写武侠，如此各适其位，则天下太平，必当不远矣！",判案不能靠想象拼故事,李敖批评法官用猜谜式想象判死刑，指出人命关天时只有客观证据才可靠。判断任何重大问题都不能靠脑补情节来补足证据；越是后果严重，越要让想象退后，让事实和逻辑站到前面。,证据;判断力;法治
SXGJ072,《上下古今谈》,055.判案不是猜谜！.txt,判案不是猜谜！,"吴基福先生对我说，根据医学的原理与技术，所谓刘堂坤麻醉女护士，照法官所述说的情况，绝不可能！这种绝不可能，本来已有专家证明给法官了，可是法官——乱用“自由心证”的法官——却官样文章，“不予采信”，——对专家的意见“不予采信”！结果仍是判了刘堂坤医师的死刑。
不过值得注意的，还不在法官乱用“自由心证”，而在法官的证据认定和逻辑知识。这个案子，初审法官判刘堂坤死刑，用的完完全全是“猜谜”的方法，而不是严格的证据。换句话说，这么一件人命关天的大案子，用“想象的情况”来“猜”出刘堂坤是凶手，这种“执法”，是我们绝不敢领教的。我们认为这是一切冤狱和人权侵犯的祸源。
犯罪之认定全凭客观的证据，这本是近代证据法则的公理，不容任何什么训练班讲习班出身的法官乱来曲解的。不根据证据而根据荒谬的类推方法来判案，这种流弊是最危险的。即以这次命案为例，刘堂坤在初审中被判死刑，洋洋万言的判决书完全是一篇“猜谜示范”的范本，并不是咬得紧紧的有力证据书。用这样“想象的情况”来判人死刑，它的毛病，在二审判决中立刻就暴露了！二审判决推翻初审判决，并不是不把刘堂坤判死刑，二审判决照样把这个可怜的医生判了死刑。所不同的是，二审判决又从另外一个角度来编织“想象的情况”来“猜谜”。这无异是说：初审的法官呀！你们的年资太浅，想象力不够，你们猜得不好！还是看我的！",专家意见不能被任性的心证吞掉,文中提到医学专家说明案情不可能，却被一句不予采信带过。自由心证若不受专业知识和证据约束，就会变成任性心证；面对自己不懂的领域，尊重专业不是软弱，而是避免重大误判的基本诚实。,专业尊重;证据;谦逊
SXGJ073,《上下古今谈》,056.为叶枫说话.txt,为叶枫说话,"住在台中民权路的一位姓李的读者，21号寄了一封限时信给我。信中说：
港星叶枫回台访友，为不肖“记者”窃其私函制版，腾于报章，连日花边、短评、漫画，一致声讨，斥之为当代“潘金莲”！搜索私宅，迫窥私室，从而描绘短长、极尽渲染之能事，“新闻自由”，果如是乎？……
先生摧毁传统，能言善辩，令人击节称赏！然破坏之余，何妨同时重建？扫荡之后，犹待澄清也。对此“敢爱敢恨”沦落海外之影人，能一伸其同情之援手，主持公道乎？
由于叶枫的公然开旅馆，使我想起，在50年代初期，台湾的警察还以“查房间”来做为主要的表功项目，这是很干涉私人自由的行为。俞鸿钧主政时代，曾接受上层的指示，不准警察再这样干涉成年男女的行为，这是很明智的德政。袁方在《记者生涯》中，对这件事曾有部分透露，读者可以参看。这种“警察不查房间”的进步，同样是16年来自由中国的重要进步之一，我们不可忽略。",私生活不是媒体窥私的猎场,李敖为叶枫说话，反对记者窃私函、窥私室、以新闻自由之名围猎私人感情。公共讨论不能靠侵犯隐私取乐；越是名人、越是被舆论盯住的人，越需要社会记得新闻边界和人的尊严。,隐私;媒体伦理;尊严
SXGJ074,《上下古今谈》,056.为叶枫说话.txt,为叶枫说话,"这位读者先生说叶枫为“沦落海外之影人”，他似乎不知道当年叶枫“沦落”的程度。我的一位好朋友，他认识叶枫，也颇知道叶枫。他告诉我说，叶枫从影以前，身上已穷得一毫皆无，她在跟影业公司签约的时候，曾说如果签约，即先请付点款救急；如果不签，她走出公司门口，就下海做舞女，此外别无去路！
这类穷困的身世，本可以磨倒许多人的理想和信念，可是对叶枫说来，似乎并不如此。叶枫并不因为身世的坎坷而失掉她的“真”性情，她仍旧对人生有理想、对爱情有信念，她仍旧天真，——天真得可以不顾一切批评和物议，放胆去爱她所要爱的男人！
这种“行吾心之所安”的气概，可以使她跟本夫离婚，然后千里迢迢，跑到台湾，同男朋友公然开旅馆，绝对不管你们说什么。这种“真”性情，绝不是别的电影明星所能做所敢做的。所以我说，叶枫是一个性情中人。",真性情不该被贫困和舆论磨掉,李敖说叶枫身世坎坷，却仍保有对人生和爱情的信念，敢爱敢恨。人最容易在穷困和舆论中学会伪装求稳；能在不伤害他人的前提下按心之所安生活，是一种稀有的生命力。,真性情;爱情自由;生命力
SXGJ075,《上下古今谈》,056.为叶枫说话.txt,为叶枫说话,"由于叶枫的公然开旅馆，使我想起，在50年代初期，台湾的警察还以“查房间”来做为主要的表功项目，这是很干涉私人自由的行为。俞鸿钧主政时代，曾接受上层的指示，不准警察再这样干涉成年男女的行为，这是很明智的德政。袁方在《记者生涯》中，对这件事曾有部分透露，读者可以参看。这种“警察不查房间”的进步，同样是16年来自由中国的重要进步之一，我们不可忽略。
综论这次叶枫事件，我们高兴我们的社会可以容纳这样一位女性。守旧的谩骂论调算不了什么。设想若在五六十年前，叶枫这种行为，不被“公审”那才怪、不被丢石头那才怪。可是现在究竟不同了。这种进步，许多老顽固自己也是觉察不出来。思想起来，岂不可笑也哉？",社会进步也表现在容纳别人敢爱敢恨,李敖认为社会能容纳叶枫这样的女性，本身就是进步。文明不只体现在宏大制度上，也体现在日常生活是否少一点公审、多一点余地；能让别人选择自己的爱恨，社会才真正比过去宽了。,社会进步;宽容;个人自由
SXGJ076,《上下古今谈》,057.最后的肯定.txt,最后的肯定,"希特勒是一个不婚者，但并不是一个独身者——他有情妇来陪他睡觉。这个情妇本是慕尼黑一个学校的教师的女儿，已经追随他十多年。当希特勒的势力眼看垮台的时候，这个小情妇自知必死，但她却想跟希特勒正式结婚后再死。她是女人，女人最知道“结婚”对于她们的重大意义。她把这番意思告诉希特勒的随从副官，随从副官在希特勒死前一天（4月29号）转达了这个意思。这个混世魔王居然在众叛亲离之后，最后发现了这个红颜知己的真诚。因此他立刻命令布置房间，准备华格纳（Wagner）的舞曲，在自杀那一天的清早，终于完成了结婚的仪式。
希特勒作孽多端，杀人无算，临死前，必然发现万事皆空，一切权势荣华皆是浮云过眼，他必然会否定一切。唯一肯定的，恐怕只是他这位红颜知己的真情。他最后放弃56年的不婚生活，宣布跟这个小女人“结婚”，也正表示了他这种肯定，——这种最后的肯定。
我们中国的诗人说：“不爱江山爱美人。”希特勒是爱“江山”的，尤其过度爱别人的“江山”，最后爱到天下大乱，连自己的“江山”都欲爱而不得，最后只好抱住美人来爱爱，这也正是所谓“诗谶”了。在这一点上，希特勒比起英国的温莎公爵来，真是差得好远好远。温莎公爵早就看到“江山”没有“美人”可爱，所以宁肯放弃皇冠，偕“美人”泛游五湖四海，他不肯像唐明皇一样“江山情重美人轻”，这真是人间情圣。
上面这些肯定的例子，人间颇有不少。试以张学良为例。张学良在去年7月，正式跟“赵四小姐”举行结婚典礼，地点是台北杭州南路的一个美国人的家里，证婚人是一个美国牧师。他们两人已同居30年，结婚的时候，张学良64岁，赵四小姐51岁。这个故事，岂不更可用来印证我这个“最后的肯定”论吗？
清朝的大奇人龚定盦写诗宣传说：“设想英雄垂暮日，温柔不住住何乡？”纵观古今历史，不论英雄奸雄狗雄鬼雄或是什么雄，在其“垂暮”之日，凡是最后能抱住女人大腿而不抱住“万国坤舆图”的人，我都认为是孺子可教的人，是可能改过迁善的人。换种说法，凡是一个能最后被女人征服的男人，他最后一定不会是一个最坏的男人，最坏的男人都是不听女人的话，而又不跟女人结婚的人，你说对不对？",权势到最后常只剩真情可以肯定,李敖从希特勒临死结婚谈到英雄垂暮，意思是权势、江山和荣华到最后都可能归零，人与人之间的真情反而成为最后还能抓住的东西。人生若只追逐外在支配，暮年回望时也许会发现，最该珍惜的早被自己轻看。,真情;权势反思;人生终局
SXGJ077,《上下古今谈》,058.致夏晓华先生的一封信.txt,致夏晓华先生的一封信,有时候我觉得，我们若只向愚夫愚妇开刀、向抽象观念开刀，而对二三流的“权威”都敬而远之、都不敢碰或不便碰，未免太那个。当然我知道我们基本的方向与原则是相去不远的，只是你们有你们的现实方面的困扰，我希望我能尽量在我个人的标准边缘，“向中看齐”。 如果有一天——譬如说，张继高“预言”的日期加一日的时候——我深切觉得“时机已至”(不是“忍无可忍”)的当儿，我想我会溜之大吉也。匆祝你好。,只批弱者和抽象观念不够，要敢碰权威,李敖在信里说，若只向愚夫愚妇和抽象观念开刀，却避开二三流权威，未免不够。批判若总挑安全对象，就会变成姿态；真正的独立判断，必须愿意在标准边缘碰触真实权力，而不是只打不会还手的靶子。,批判勇气;权威;独立判断
SXGJ078,《上下古今谈》,059.致夏晓华先生的另一封信.txt,致夏晓华先生的另一封信,"谢谢你在这五十四天对我的支持与抵抗外界的压力。谢谢重则兄、杨翰兄和贵报每一位朋友。
《台湾日报》是一个有希望的报，在你的主持之下，必然大有可为。在言论幅度和文字美化方面，仍须加强。我深信只有走这两条路，才能在目前环境底下办出第一流的报纸，前者需要勇气，后者需要程度——自主笔以下普遍的程度。这两点小意思，你当然比我更清楚，我在这儿多嘴几句，只表示我对你的坦白，想你必不见怪。",第一流平台需要勇气和文字程度,李敖给夏晓华的信中说，报纸要办好，需要言论幅度和文字美化，前者靠勇气，后者靠程度。任何平台、作品或事业都一样：光敢说而说不好不够，光会修辞而无胆识也不够；勇气和能力要一起长。,勇气;表达能力;事业标准
SXGJ079,《上下古今谈》,060.致夏晓华先生的又一封信.txt,致夏晓华先生的又一封信,"《上下古今谈》不幸停摆。为料理后事起见，我不知道我该不该多嘴，向你提一个建议。
我看到刘秀嫚自七月二号起在《中华日报》上写的专栏——“秀嫚信箱”，只断续写了五次，就停了。我想劝你何妨找找她，请她来接我的手？她很聪明，所写的文章如再努力充实，该有前途；对《台湾日报》也会有好处，至少坏处远比我的少。我希望你能抽空考虑考虑我的意见，也算是我临别的空头人情罢！
按照《著作权法》，文章的发表权和出书权是两回事。《上下古今谈》于九月一号宣布由文星出版，此意请烦转达贵报诸公，免生误会，并多谢他们的好意。
我为《上下古今谈》写了一篇一万字的长序，写的范围较宽广，题目是《从<秀嫚信箱>到<上下古今谈>》。主旨不外是我的“佳人救国论”，议论颇多，自谓是人间第一至情文字。可惜现正发到工厂赶排，不及拿给你这位《上下古今谈》的催生者先过目，真抱歉真抱歉。不过你放心我绝不“骂”你，我要“骂”，连你带我一起“骂”，这是我们文人的fairplay!",离场也要想着把位置交给后来者,《上下古今谈》停摆时，李敖建议夏晓华找刘秀嫚接手，说明真正负责的离开不只是挥手而去。一个人若不能继续做一件事，仍可以为它找下一棒、留清边界、减少误会；好的退场，也是一种完成。,交接;责任;退场方式
SXGJ080,《上下古今谈》,061.《上下古今谈》李敖自拟简介.txt,《上下古今谈》李敖自拟简介,"李敖：吉林省扶余县人，祖籍山东省潍县，远籍云南省。民国二十四（1935）年生于哈尔滨。
在北平读小学和初一（没念完），又在上海读初一（没念完），又在台中读初二至高三（没念完），又在台北读台大法学院（没念完），又读文学院研究所（没念完）。
喜欢买书、抽烟、看电影、看女人（有时候不止于“看”）。
现在身上一身是债、两眼近视、三餐很饱、四个官司。
本人面目：平凡；特征：没有；脾气：欠佳。
喜说笑话。",自嘲比炫耀更能保留人的活气,李敖自拟简介里写自己没念完许多学校、身上有债、脾气欠佳、喜欢说笑话，故意避开端正履历的腔调。自嘲不是自贬，而是拒绝把自己塑成神像；能把缺点也放进介绍里的人，往往更有真实的活气。,自嘲;真实;个人风格
