id,book,source_file,source_chapter,wisdom_title,wisdom_text,theme_tags
MSMX001,《我梦碎，所以我梦醒》,《我梦碎，所以我梦醒》序.txt,序,真正的醒悟常从梦碎开始,李敖把“梦碎”写成“梦醒”的前提，提醒人不要把失望只看成失败：旧信念被事实击破，反而可能是清醒的开始。人生中最危险的不是梦碎，而是明明梦已经碎了，还用口号、面子和习惯替它续命；愿意承认破灭，才有机会重新看清现实、调整方向，并从幻觉里走出来。,醒悟;现实;自省
MSMX002,《我梦碎，所以我梦醒》,《我梦碎，所以我梦醒》序.txt,序,活下去要务实到斤斤计较,李敖说不能再做会做死人的梦，而要务实地、斤斤计较地活下去。这种斤斤计较不是小气，而是对生命成本的清醒计算：时间、力量、风险和退路都要算清楚。人生中有些豪言会把人推向无谓牺牲，真正成熟的勇敢，是在残酷现实里保存自己、保存行动能力，并把理想放到能活下去的路上。,务实;生存;风险
MSMX003,《我梦碎，所以我梦醒》,《我梦碎，所以我梦醒》序.txt,序,老年最该保护的是剩余时间,李敖说写这本小书是在“浪费老年”，但又用十七天把浪费缩短，背后是一种晚年时间观：年岁越高，越不能被无谓议题拖走。人生到后段，最重要的不是证明自己还会生气，而是知道哪些事值得用余日兑换，哪些事只该迅速处理、迅速放下，把最好的精力留给真正能留下来的作品和判断。,时间;晚年;取舍
MSMX004,《我梦碎，所以我梦醒》,《我梦碎，所以我梦醒》序.txt,序,小空间里也能留下大种子,李敖说当空间被压缩，志士仁人也许只剩“拼命写书”这一条路，于是要在小世界里写大书，留下书种子。人生中外部舞台不一定由自己决定，但能否把有限缝隙用到极致，却仍有选择。不能行动时就保存思想，不能扩张时就凝结作品，小空间也可能成为未来的种子库。,写作;限制;传承
MSMX005,《我梦碎，所以我梦醒》,001.我梦碎，所以我梦醒.txt,我梦碎，所以我梦醒,共同口号先要接受事实核算,李敖质疑“辛亥百年”被说成“建国百年”，关键不在名词之争，而在提醒人们：再热闹的共同口号，也要先经得起事实核算。人生中遇到人人鼓掌的说法，不要急着加入合唱；先问时间、证据、定义是否对得上。若公约数是算术错误，建立在上面的热情越高，醒来时越痛。,事实;口号;清醒
MSMX006,《我梦碎，所以我梦醒》,002.“公投”梦碎.txt,“公投”梦碎,表演勇敢不等于真的承担,李敖看见有人高喊公投，到了可以表态时却避开投票，由此指出姿态与承担之间的差别。人生中许多勇敢只是舞台动作，喊得响、站得高、话说得硬，却在需要签名、投票、负责、付代价时退后。真正的信念不是看人怎样表演，而是看关键程序来临时，他愿不愿意把自己押上去。,勇气;承担;姿态
MSMX007,《我梦碎，所以我梦醒》,003.“台独”梦碎.txt,“台独”梦碎,不要让旗帜替你完成思考,李敖拆解“台独”神话时，真正可取的人生智慧是警惕旗帜化思维：一个词一旦被神圣化，人就容易把复杂现实交给它代管。人生中任何立场都不能只靠名称发光，越是激动人心的旗号，越要追问它的代价、可行性和真实后果；让旗帜替你思考，最后常会让现实替你收账。,立场;思考;代价
MSMX008,《我梦碎，所以我梦醒》,004.“国家”梦碎.txt,“国家”梦碎,名称不能复活已经改变的现实,李敖在“国家”问题上不断逼问名实，提醒人不要把名称当成现实本身。人生中很多关系、组织和身份也会如此：牌子还在，结构已变；称呼没改，力量早空。成熟判断不是守着一个旧名词自我安慰，而是承认事实已经移动，然后按新的现实重新安排选择。,名实;现实;判断
MSMX009,《我梦碎，所以我梦醒》,005.“中华民国”亡国考.txt,“中华民国”亡国考,用对方自己的证据最能破神话,李敖喜欢从对方的文件、讲话和制度文本中找破绽，因为外部批评容易被说成偏见，对方自己的记录却很难抵赖。人生中要反驳一个坚硬神话，不必只靠情绪或立场，最好回到原始材料，让事实自己开口。证据若来自对方承认的系统，穿透力往往比一百句怒骂更强。,证据;方法;破除迷信
MSMX010,《我梦碎，所以我梦醒》,006.蒋介石不止一次自承“亡国”.txt,蒋介石不止一次自承“亡国”,听人说话要保存时间线,李敖排比蒋介石不同时间的说法，显示同一个人前后承认过什么、后来又怎样改口。人生中判断一个人或一个组织，不能只截取当下最方便的一句话，而要保存时间线：他说过什么，何时说，处境如何，后来如何解释。记忆一旦有顺序，许多自我包装就会露出缝。,时间线;言行;判断
MSMX011,《我梦碎，所以我梦醒》,007.“知耻”梦碎.txt,“知耻”梦碎,失败后的羞耻要落实为让位,李敖谈“知耻”，锋利处在于把羞耻从口头忏悔拉回责任行动：事情做坏了，却仍想继续坐在原位，所谓羞耻就只是装饰。人生中真正的认错不是表情沉痛，也不是写几句自责，而是愿意交出不配再掌握的权力、资源或信任。若失败没有后果，羞耻就会变成一种表演。,责任;羞耻;让位
MSMX012,《我梦碎，所以我梦醒》,008.“民国”梦碎.txt,“民国”梦碎,抽象名词常会替具体坏事遮羞,李敖反复拆“民国”等抽象符号，是在提醒人：越宏大的名词，越可能被具体的人拿来遮羞。人生中听到“传统”“团体”“大局”“制度”时，不要只向名词低头，要看谁在背后操作、谁因此免受检验、谁被要求牺牲。抽象物值得尊重，前提是它没有被人偷拿去做挡箭牌。,名词;权力;辨识
MSMX013,《我梦碎，所以我梦醒》,009.“首都”梦碎.txt,“首都”梦碎,公共选择不能由私人怨气带路,李敖写“首都”安排背后的私心与权谋，指出公共决定若被个人怨气牵着走，后果会由众人长期承担。人生中做重大选择时，尤其要分清结构判断和情绪反应：为了报复、压制或证明自己而作的决定，短期也许解气，长期却常把局面带歪。越大的事，越不能用小心眼定方向。,决策;私心;格局
MSMX014,《我梦碎，所以我梦醒》,010.“汉奸”梦碎.txt,“汉奸”梦碎,标签越重越要回到档案,李敖处理“汉奸”标签时，不急着随传统骂声走，而是回到档案、处境和责任链。人生中最危险的判断，常是那些已经被贴好重标签的人和事，因为大家以为无需再查。越是道德重量大的词，越要问证据是否充分、责任是否准确、有没有替人背锅；否则正义也会变成懒惰。,标签;档案;公正
MSMX015,《我梦碎，所以我梦醒》,011.“抗战”梦碎.txt,“抗战”梦碎,胜利叙事也要接受细节盘问,李敖对“抗战”叙事的拆解，提醒人不要因为一个故事站在胜利一边，就免除对细节的盘问。人生中许多成功经验、光荣履历和漂亮结论，也可能省略了妥协、代价和他人的功劳。真正可靠的自豪，不怕细节；怕细节的光荣，往往只是被修剪过的故事。,细节;叙事;自豪
MSMX016,《我梦碎，所以我梦醒》,012.“受降”梦碎.txt,“受降”梦碎,别让仪式遮住真正的权力关系,李敖写“受降”问题，重心不是纠缠典礼，而是追问谁真正决定、谁只是出场、谁借仪式制造正统感。人生中很多场合也一样，站在台上不等于掌握局面，拿到掌声不等于拥有实质。看一件事，要穿过仪式感去看权力、资源和决策链，否则容易被场面教育得糊涂。,仪式;权力;实质
MSMX017,《我梦碎，所以我梦醒》,013.“钓鱼台”梦碎.txt,“钓鱼台”梦碎,主张权利不能只靠情绪占位,李敖谈“钓鱼台”，可提炼为一种权利观：认为自己有理，不等于权利会自动稳固。人生中争取任何属于自己的东西，都不能只靠愤怒、记忆和口号占位，还要有证据、策略、持续行动和现实筹码。情绪能点火，但不能代替路线；没有路线的激动，最后会变成自我安慰。,权利;策略;行动
MSMX018,《我梦碎，所以我梦醒》,014.“外蒙古”梦碎.txt,“外蒙古”梦碎,不要用长期利益换短期喘息,李敖写外蒙古问题时，反复呈现谈判中的让步和代价，提醒人最怕在压力下拿长期利益换一时喘息。人生中遇到强势对手、危急局面或诱人的暂时解脱，越要算清楚交易期限：今天少痛一点，是否换来明天长期失血？成熟不是永不妥协，而是不把不可再生的东西轻易抵押出去。,谈判;长期利益;代价
MSMX019,《我梦碎，所以我梦醒》,015.“建国百年”的殭尸花费.txt,“建国百年”的殭尸花费,预算会暴露真正的价值排序,李敖讽刺“建国百年”的花费，最有力处在于用预算数字戳穿口号：钱花在哪里，价值排序就在哪里。人生中判断一个人或组织，不必只听宣言，而要看时间、金钱和注意力投向何处。会计表往往比演讲诚实；若一边高喊理想，一边把资源花在虚荣场面上，答案已经写出来了。,预算;价值;虚荣
MSMX020,《我梦碎，所以我梦醒》,016.“建国百年”的马嘶呓语.txt,“建国百年”的马嘶呓语,自我表扬要和账本一起读,李敖面对政绩自夸时，把债务、民生与未解问题一并摊开，提醒人任何自我表扬都要和账本一起读。人生中别人说自己做得多好，或自己想证明一路多成功，都要同时翻开代价清单：欠下什么、牺牲谁、留下哪些烂尾。没有账本的光荣，常只是选择性记忆。,账本;自夸;代价
MSMX021,《我梦碎，所以我梦醒》,017.“法统”梦碎.txt,“法统”梦碎,继承一条传统就要承担它的不方便,李敖拆“法统”，指出人们常想继承传统的光环，却切掉传统中不合己意的部分。人生中凡是自称继承某种原则、家风、师承或制度，就不能只拿有利的一段；真正的继承意味着连麻烦、限制和不舒服的证据也一起承担。只挑好处的传统，不是传统，是借壳。,传统;一致性;责任
MSMX022,《我梦碎，所以我梦醒》,018.“正统”梦碎.txt,“正统”梦碎,细节错误会戳破宏大自信,李敖从翻译和说法的小错切入“正统”问题，提醒人宏大自信常会败在细节上。人生中越是自称正宗、权威、不可置疑的人，越要看他处理细节的能力；一个连小处都随便的人，谈大原则时未必可靠。细节不是鸡毛蒜皮，它常是检验真实功夫的针尖。,细节;权威;功夫
MSMX023,《我梦碎，所以我梦醒》,019.“道统”梦碎.txt,“道统”梦碎,追踪引文变形就能看见权力动手,李敖排比“道统”说法如何一步步改写，显示一段话在权力需要中会变形、增删、反转。人生中遇到被反复引用的名言、家训或祖训，不妨追踪最早版本和历次变化；许多权威并非天然存在，而是后来加工出来的。能看懂引文怎样变形，就能看见谁在背后动手。,引文;权力;考证
MSMX024,《我梦碎，所以我梦醒》,020.“学统”梦碎.txt,“学统”梦碎,学问最怕被权势附庸风雅,李敖写政治力量抢“学统”，说到底是在提醒人：学问可以贫寒，却怕被权势拿来装门面。人生中真正的专业和思想，需要方法、训练和诚实，不是头衔、媒体和资源堆得出来的。若一个领域被不懂的人用权力占据，最先受伤的不是名声，而是判断标准本身。,学问;权势;标准
MSMX025,《我梦碎，所以我梦醒》,021.《宪法》梦碎.txt,《宪法》梦碎,规则被例外架空时名义已经失效,李敖写临时条款如何冻结宪法，揭出一种常见手法：不废掉规则，却制造例外把规则架空。人生中也要警惕这种结构，明面上制度、承诺、边界都还在，实际却被补充条款、特殊情况和临时安排掏空。判断一个规则是否有效，不看它是否写着，而看它能否约束最想逃避它的人。,规则;例外;约束
MSMX026,《我梦碎，所以我梦醒》,022.《宪法》又梦碎.txt,《宪法》又梦碎,修改制度若只为扩权就是倒退,李敖批评后来的修宪摧毁原有架构，提醒人制度修改不必然等于进步，关键看它把权力交给谁、限制了谁。人生中无论公司、家庭还是团体，调整规则都不能只看理由说得多漂亮；若每次修改都让掌权者更方便、监督者更无力，这种改革其实是在倒退。,制度;改革;监督
MSMX027,《我梦碎，所以我梦醒》,023.“遗教”梦碎.txt,“遗教”梦碎,挂着祖师招牌也要核对内容,李敖把宪法条文与所谓遗教逐项对照，指出招牌和内容并不一致。人生中最容易被人偷懒接受的，就是“某某说过”“祖师传下”“传统如此”这类招牌；真正尊重一个来源，反而要核对原意和实际做法是否相符。只挂名字不守内容，是对来源最大的消费。,核对;招牌;原意
MSMX028,《我梦碎，所以我梦醒》,024.“政体”梦碎.txt,“政体”梦碎,百年大计不能拿来赌一时便宜,李敖批评为了夺权而改变政体，给出一种普遍教训：决定长远格局的事，不能按眼前谁占便宜来设计。人生中很多选择也有“制度性”后果，譬如合作规则、家庭分工、公司治理，一旦为了短期胜算乱改，后面会让所有人付账。越关系长远，越要超出一时私利。,长远;制度;私利
MSMX029,《我梦碎，所以我梦醒》,025.“民主”梦碎.txt,“民主”梦碎,看组织结构不要只听民主名称,李敖区分不同类型的党，意在提醒人民主不是名字，而是一套内部结构和外部监督。人生中判断任何组织是否开放，不要只看它有没有漂亮口号、投票仪式或参与名目，而要看反对意见能不能存在、程序能不能约束领袖、成员能不能真实选择。名称民主，不等于生活在民主里。,民主;组织;结构
MSMX030,《我梦碎，所以我梦醒》,026.“党争”梦碎.txt,“党争”梦碎,竞争若没有公开程序只会变分赃,李敖写党争，指出两党竞争若缺少透明程序和彼此监督，就可能从民主想象滑向利益分配。人生中所谓竞争也一样，若规则不公开、结果可私下谈妥、旁人无从查验，竞争者再多也只是换人入席。真正有价值的竞争，不只看有几个玩家，而看规则能否让人信服。,竞争;程序;透明
MSMX031,《我梦碎，所以我梦醒》,026.“党争”梦碎.txt,“党争”梦碎,有壮志也要懂得等时机,李敖借雷震的遭遇说出“虽有壮志，不如待时”的残酷：有理想不代表当下条件足够，有勇气不代表不会被碾碎。人生中懂得等待，并不必然是怯懦；它可能是对形势、力量和代价的尊重。真正难的是既不放弃志向，也不把志向交给错误时机白白牺牲。,时机;志向;耐心
MSMX032,《我梦碎，所以我梦醒》,027.民进党为国民党护航的一个例子.txt,民进党为国民党护航的一个例子,黑箱会把公开努力一夜清零,李敖写闭门协商如何使公开辩论失效，提醒人最该防备的不是明面上的对手，而是能在黑箱里改写结果的机制。人生中很多努力之所以被白费，并非因为你说得不好，而是因为决定根本不在公开场域。要改变局面，除了努力表达，还要追问真正决策在哪里发生。,黑箱;努力;机制
MSMX033,《我梦碎，所以我梦醒》,028.“脱党”梦碎.txt,“脱党”梦碎,能自由退出才算真正加入,李敖写“脱党”梦碎，指出一个组织若连退出都要控制，加入就不再是自由选择，而像被扣押的身份。人生中判断一段关系、一个团体或一份承诺是否健康，不只看进入时多热烈，也看离开时是否体面。不给退出权的归属感，往往只是换了温柔名字的束缚。,退出;自由;组织
MSMX034,《我梦碎，所以我梦醒》,029.“书呆子”梦碎.txt,“书呆子”梦碎,理想方案不能无视现实力量,李敖批评书呆子式政治建议，重点不在反对理想，而在反对把理想当成免检处方。人生中读书和讲理当然重要，但方案一旦要落地，就必须看对方手里有什么筹码、愿不愿意守规则、失败代价由谁承担。脱离现实力量的善意，常会把别人推到更危险的位置。,理想;现实;权力
MSMX035,《我梦碎，所以我梦醒》,030.“大儒”也梦碎.txt,“大儒”也梦碎,真话常因打破美梦而惹人恨,李敖写“大儒”梦碎，透露知识人说真话的尴尬：人们未必因为你说错而恨你，常常因为你说中了，却破坏他们赖以安睡的梦。人生中若选择讲真话，就要承受不被感谢的可能；真话的价值不在立刻赢得掌声，而在它逼人看见不能再拖的现实。,真话;现实;孤独
MSMX036,《我梦碎，所以我梦醒》,030.“大儒”也梦碎.txt,“大儒”也梦碎,写作有时先改变写作者自己,李敖承认有些文字能改变的人有限，甚至最先被改变的是写作者本人。这并不悲观，反而说明表达的第一层价值是把自己的判断打磨清楚。人生中不要只用外部影响衡量写作、思考和发声；即便世界暂时不动，你在整理证据、锻炼勇气、确认立场的过程中，已经不是原来的自己。,写作;自我改变;表达
MSMX037,《我梦碎，所以我梦醒》,031.“小党”梦碎.txt,“小党”梦碎,被豢养的存在感不如清贫的自由,李敖写小党被大党当花瓶，也写有人宁愿在香港开小店而不受豢养，形成鲜明对照。人生中最难拒绝的，不是赤裸压迫，而是带着待遇、位置和体面的收编。若存在感来自别人赏给你的笼子，就不是真正的舞台；有时清贫一点，反而保住了自由判断。,自由;收编;尊严
MSMX038,《我梦碎，所以我梦醒》,032.“小党”又梦碎.txt,“小党”又梦碎,弱小者最要警惕被制度当摆设,李敖继续写小党处境，提醒弱小者进入强者设计的制度时，不能只为获得名分而高兴。人生中资源较少的一方更要问清楚：自己有没有真实否决权、议价权和退出权，还是只被放在橱窗里证明对方开明？被展示不等于被尊重，成为摆设比被拒绝更容易让人误判处境。,弱小者;摆设;权利
MSMX039,《我梦碎，所以我梦醒》,033.“暴政必亡”梦碎.txt,“暴政必亡”梦碎,别把对手会垮当成自己的战略,李敖写“暴政必亡”梦碎，指出把希望建立在对手自动崩溃上，是一种自我麻醉。人生中无论竞争、事业还是困局，都不能把“对方迟早不行”当作计划；对方也许会调整、变强、活得比你久。真正的战略必须从自我改革和现实行动开始，而不是靠诅咒替自己省力。,战略;自省;现实
MSMX040,《我梦碎，所以我梦醒》,034.“黑猫”梦碎，“白猫”也梦碎.txt,“黑猫”梦碎，“白猫”也梦碎,有钱以后更要释放思想力,李敖写经济强大之后仍缺“软实力”，提醒人解决温饱和积累财富只是第一步，若思想、创造和批评能力被压住，富有也会替别人做工。人生中个人也是如此：技能、收入、资源增长以后，更要让头脑开放、表达活跃、创造力流动；只有钱包变厚而精神变窄，最后仍会被别人牵着走。,思想力;财富;创造
MSMX041,《我梦碎，所以我梦醒》,035.“罢免”梦碎.txt,“罢免”梦碎,真正的反对要进入程序留下记录,李敖批评有人面对罢免不敢投票，指出逃避程序并不等于高明抵抗。人生中若反对一件事，最有力的方式常是走进程序、留下记录、把不同意见清楚表达出来；不出席、不表态、不承担，或许能躲过一时风险，却也把自己的立场交给别人解释。,反对;程序;记录
MSMX042,《我梦碎，所以我梦醒》,036.“军阀”梦碎.txt,“军阀”梦碎,比较行为比继承骂名更公道,李敖重看“军阀”形象，提醒人历史骂名不一定等于完整真相，有些后来者反而更不宽容。人生中判断人事，不能只继承现成骂法，而要比较具体行为：谁允许不同声音，谁更少伤人，谁在关键时刻留有余地。公道有时从重新比较开始，而不是从重复标签开始。,公道;比较;标签
MSMX043,《我梦碎，所以我梦醒》,037.“海盗”梦碎.txt,“海盗”梦碎,强者的规则常忘记自己的来路,李敖写海盗式崛起与后来的规则训话，指出已经上岸的人最容易把当年的不体面洗成今日的道德。人生中听强者讲规则，不能只听结论，还要看他获得优势的历史。规则当然需要，但若制定者忘记自己的来路，就容易把公共道德变成维护既得利益的工具。,规则;强者;历史
MSMX044,《我梦碎，所以我梦醒》,038.“五四”梦碎.txt,“五四”梦碎,运动会被后来者占名,李敖把新文化与五四政治动员分开看，提醒人任何运动都会被后来者争夺解释权。人生中面对一个被纪念、被宣传、被口号化的事件，要回到它原本的精神和早期脉络，而不是只听后来的拥有者怎么说。真正尊重一场运动，是把它从被占名的叙事里救出来。,运动;解释权;溯源
MSMX045,《我梦碎，所以我梦醒》,039.“烈士”梦碎.txt,“烈士”梦碎,纪念不能抽空牺牲的理由,李敖谈“烈士”，提醒人最廉价的纪念，是把危险过去后的安全姿态当成继承，却回避他们当初为什么冒险。人生中纪念一个人或一段历史，不该只摆花、喊名、消费感动，而要保留其真正的主张和问题。若把牺牲的理由抽空，纪念就变成对牺牲者的第二次背叛。,纪念;牺牲;理由
MSMX046,《我梦碎，所以我梦醒》,040.“星星”梦碎.txt,“星星”梦碎,头衔越闪亮越要验资历,李敖讽刺军阶星星，实际是在说头衔的通货膨胀会欺骗眼睛。人生中遇到闪亮履历、豪华名片和高大称号，不要先被光芒压住，而要验资历、看实绩、问来路。真正的荣誉经得起盘问；不能盘问的星星，往往只是挂在肩上的装饰。,头衔;资历;实绩
MSMX047,《我梦碎，所以我梦醒》,041.“爱国”梦碎.txt,“爱国”梦碎,爱若没有方法也会变成悲剧,李敖写陈仪式的爱国悲剧，提醒人光有热情和赤诚并不能保证好结果。人生中爱一个国家、家庭、事业或人，都需要方法、判断和边界；只凭痴心投入，可能被误解、被利用，甚至把自己推向毁灭。真正成熟的爱，不只问我有多真，还问我的做法是否有效、是否清醒。,爱;方法;清醒
MSMX048,《我梦碎，所以我梦醒》,041.“爱国”梦碎.txt,“爱国”梦碎,评价人物要能容纳复杂功过,李敖替被定型的人物重新翻案，显示评价一个人不能只照宣传画像走。人生中遇到众口一词的坏人或好人，都要留一点复杂空间：他可能有罪，也可能有功；可能犯错，也可能被冤。成熟判断不是替谁洗白，而是不把人压扁成一个方便的符号。,人物评价;复杂性;公正
MSMX049,《我梦碎，所以我梦醒》,041.“爱国”梦碎.txt,“爱国”梦碎,不该认的错不要为了活命乱认,李敖写拒绝虚假认错的气节，强调人在威胁面前仍要分清保命和自毁尊严的界线。人生中认错本是美德，但前提是确有其错；若为了求安稳而承认莫须有的罪，便把别人的谎言盖上自己的印章。真正的硬骨头，不是不怕死，而是不把灵魂交给伪供词。,气节;认错;尊严
MSMX050,《我梦碎，所以我梦醒》,042.“老贼”梦碎.txt,“老贼”梦碎,该退不退会把职位变成笑话,李敖写年老权贵占位不退，最醒目的教训是人要知道自己的状态何时已不适合继续掌权。人生中位置越高，越要有退场感；能力、判断和现实感都衰退时仍抓着名位，只会让过去功劳被晚年荒唐抵消。体面不是永远在场，而是知道何时离开。,退场;位置;体面
MSMX051,《我梦碎，所以我梦醒》,043.“老贼”又梦碎.txt,“老贼”又梦碎,标签下面仍要看见人的处境,李敖一面承认“老贼”原罪，一面替胡赓年说几句公道话，显示骂名之下仍有具体人生。人生中批判一类人、一种制度或一个身份时，不要让标签吞掉每个个体的处境；结构性责任要追究，个人悲凉也可看见。公正不是不批判，而是批判中仍有分寸。,公正;分寸;处境
MSMX052,《我梦碎，所以我梦醒》,044.“大人”梦碎.txt,“大人”梦碎,不要把权势人物看得巍巍然,李敖借孟子“说大人，则藐之”，提醒人不要自动把政治人物或有权者看得高大。人生中许多奴性来自想象，把职位、排场、头衔误认成人格高度。真正的独立心，是能平视掌权者、看穿其小处，并拒绝在每个剪彩、致词和座次里做权力的配角。,平视权力;独立;奴性
MSMX053,《我梦碎，所以我梦醒》,045.“活佛”梦碎.txt,“活佛”梦碎,神圣光环也要接受历史审计,李敖拆“活佛”神圣形象，给出的普遍教训是任何光环都不能替历史事实免审。人生中有些人物因为宗教、奖项、苦难或国际赞美而被放到神坛上，但越神圣越要查证其制度记录、权力关系和实际行为。崇高若经不起历史审计，就只是包装精美的逃避。,光环;历史;查证
MSMX054,《我梦碎，所以我梦醒》,046.“三毛”梦碎.txt,“三毛”梦碎,借用苦难符号要配得上它的重量,李敖批评作家“三毛”借用张乐平笔下流浪儿的名字，核心是对苦难符号的警惕。人生中引用、继承或消费一个带血带泪的名字时，要问自己是否理解它的重量，是否延续它的关怀，还是只拿来装饰自我。苦难不是漂亮道具，借来做秀会显出精神上的轻薄。,符号;苦难;真诚
MSMX055,《我梦碎，所以我梦醒》,047.“上将”梦碎.txt,“上将”梦碎,真正的分量不一定写在官阶上,李敖称中校陈良埙为“上将”，是在用历史眼光改写官方位阶。人生中不要把一个人的价值完全交给制度排名，许多有才、有义、有承担的人，可能被冤狱、运气或权力压在低处。官阶能记录位置，却未必记录分量；有些人的真正军衔，要由时间和良心来授予。,价值;官阶;历史眼光
MSMX056,《我梦碎，所以我梦醒》,047.“上将”梦碎.txt,“上将”梦碎,玩世的幽默能替苦难留一口气,李敖写陈良埙面对冤案仍带玩世天真，显示幽默并不总是轻浮，有时是受难者保存自我的方式。人生中遭遇长久不公，若只剩怨毒，灵魂会被事件吞没；能开玩笑、能从容、能不让冤屈定义全部表情，反而是一种艰难的抵抗。,幽默;苦难;抵抗
MSMX057,《我梦碎，所以我梦醒》,048.“国旗”梦碎.txt,“国旗”梦碎,象征不能替代它声称代表的生活,李敖写老兵卖旗，看到的不只是符号荒凉，也是一种人生讽刺：象征再庄严，若背后的生活破败，它就会变成商品和乡愁。人生中不要让旗帜、徽章、纪念品替代真实责任；真正尊重一个象征，是照顾它所代表的人和价值，而不是只把塑料旗挥得响。,象征;生活;责任
MSMX058,《我梦碎，所以我梦醒》,049.“解严”梦碎.txt,“解严”梦碎,迟来的松绑不能抹掉旧账,李敖看“解严”，不是只赞美形式开放，而是追问承诺、赔偿和法律后果有没有兑现。人生中有人迟来道歉、迟来让步、迟来修正，固然比不来好，但不能因此自动清账。真正的和解需要交代旧伤、补足欠账、建立不再重演的机制；只有松绑仪式，没有旧账处理，清醒者仍会不安。,旧账;和解;责任
MSMX059,《我梦碎，所以我梦醒》,050.“人才”梦碎.txt,“人才”梦碎,把人才当奴才只会剩下奴才,李敖写人才问题，点破掌权者若只喜欢听话的人，真正有才的人自然离开或沉默。人生中经营团队、关系和事业，最怕把顺从误认成可用，把独立误认成难管；久而久之，身边会越来越安静，也越来越无能。能容纳不顺耳的人，才可能留住真正的人才。,人才;团队;容人
MSMX060,《我梦碎，所以我梦醒》,051.“百分之百”梦碎.txt,“百分之百”梦碎,要求百分之百常是逃避明显事实,李敖讽刺用“百分之百”标准否认明显现实，提醒人过度完美的证据要求有时不是严谨，而是赖账。人生中当然要谨慎求证，但若一件事已有足够迹象，还非要绝对无瑕的证明才承认，就可能是在保护自己的偏见。理性不是永远等到百分之百，而是知道何时已经足够判断。,证据;判断;偏见
MSMX061,《我梦碎，所以我梦醒》,052.“美国”梦碎.txt,“美国”梦碎,魅力不该遮住利益和力量,李敖看美国，既看到文化吸引力，也看到强权利益，提醒人不要因对方会讲漂亮故事就放下戒心。人生中面对任何强势对象，都要同时看他的魅力、资源和拳头：他能给你什么，也能拿走什么；他说价值，也计算利益。只看温柔的一面，容易把依赖误认成友谊。,魅力;利益;清醒
MSMX062,《我梦碎，所以我梦醒》,053.“反军购”梦碎.txt,“反军购”梦碎,反对有时不是为赢而是为揭露,李敖说反军购未必能挡下结果，却能暴露买卖、安全幻觉和各方嘴脸。人生中有些反对行动不一定立刻赢，但仍有价值，因为它让隐蔽的逻辑公开，让旁观者看见谁在装、谁在卖、谁在沉默。不要只用胜负衡量发声，有时揭露本身就是战果。,反对;揭露;胜负
MSMX063,《我梦碎，所以我梦醒》,054.误信“军购保台”的备忘录.txt,误信“军购保台”的备忘录,关键字一个不查就会花大钱,李敖从“provide”与“sell”的差别切入，说明法律文字里一个词就可能改变整个交易性质。人生中签约、承诺、合作和求助，都要仔细查关键字：对方是提供、出售、尽力、保证，还是仅仅考虑？很多巨大代价不是输在大方向，而是输在以为一个词不重要。,文字;契约;谨慎
MSMX064,《我梦碎，所以我梦醒》,055.误信“固守保台”的备忘录.txt,误信“固守保台”的备忘录,安全感要经得起成本效益测试,李敖质疑昂贵军购是否真能带来防卫效果，给出一种普遍原则：任何让你安心的方案，都要经过成本效益测试。人生中有些保险、投资、关系和承诺只是心理安慰，价格很高，实际作用有限。成熟不是拒绝花钱买安全，而是弄清买到的是能力，还是只买到暂时不害怕的感觉。,安全感;成本;效益
MSMX065,《我梦碎，所以我梦醒》,056.误信“美国来救我们”的备忘录.txt,误信“美国来救我们”的备忘录,含糊关切不能当成救命承诺,李敖指出“严重关切”并不是必然出手，提醒人不要把模糊好话听成硬承诺。人生中凡关系到存亡、钱财、事业和安全的事，都不能押在别人含糊的安慰上；“会关注”“会支持”“再看看”都不是保证。越关键的依赖，越要白纸黑字、条件清楚、责任明确。,承诺;依赖;清醒
MSMX066,《我梦碎，所以我梦醒》,057.误信“美国是我们的朋友”的备忘录.txt,误信“美国是我们的朋友”的备忘录,单方面规则不能证明双向友谊,李敖提醒人，一国自己的法律首先服务自己的利益，不能自动解释成对你的友谊。人生中也是如此，对方制定的规则、政策或说法，未必是为你量身保护；它可能只是把你纳入他的利益安排。判断友谊，要看双向承担和真实代价，而不是看对方单方面文件写得多漂亮。,友谊;规则;利益
MSMX067,《我梦碎，所以我梦醒》,058.“读经”梦碎.txt,“读经”梦碎,敬重经典先要承认自己不懂,李敖借胡适、傅斯年的论述反对轻率读经，核心是知识诚实：越是经典，越不能半懂不懂地拿来教育别人。人生中真正尊重传统，不是把它供起来、背起来、喊起来，而是承认难处，学习方法，知道“不知为不知”。承认不懂不是羞耻，自欺欺人才是对经典和学生的双重伤害。,经典;诚实;学习
MSMX068,《我梦碎，所以我梦醒》,058.“读经”梦碎.txt,“读经”梦碎,标准提高以后要敢于重新估计自己,胡适文中说工具和方法进步后，对古经可懂部分反而要更小心、更谦卑。李敖收入此文，也提醒人：真正进步常常不是更自信，而是发现过去的自信太粗。人生中当知识、经验和标准提高时，要敢于重新估计自己的理解，不怕承认原来懂得少；这正是成长的证据。,成长;谦卑;标准
MSMX069,《我梦碎，所以我梦醒》,059.“推移”梦碎.txt,“推移”梦碎,与世推移不是放弃反抗,李敖解释“与世推移”，不是叫人苟且偷生，而是面对现实条件起承转合。人生中有弹性不等于没原则，懂时势不等于投降；真正困难的是一边保持反抗心，一边承认水位、时机和力量会影响结果。会转身、会等待、会调整，反而能让原则活得更久。,弹性;原则;现实
MSMX070,《我梦碎，所以我梦醒》,059.“推移”梦碎.txt,“推移”梦碎,反抗和反抗成功是两回事,李敖说“反抗”和“反抗成功”有时是两回事，提醒人行动之前要有心理准备。人生中某些正确选择并不保证胜利，甚至可能只留下背影和牺牲；但这不说明行动无意义，只说明不要把意义全押在立即成功上。能分清行动价值与结果成败，人就少一点幻灭，多一点坚韧。,反抗;成功;坚韧
MSMX071,《我梦碎，所以我梦醒》,060.“黄莺”梦碎.txt,“黄莺”梦碎,发现贼蛋就不要替它孵化,李敖用黄莺拒孵椋鸟贼蛋作比，讲的是边界感：有些东西一旦留下，会占用你的巢、耗尽你的心血，最后反客为主。人生中发现不属于自己的恶果、谎言或风险被塞进来，不能因为清理困难就替它孵化；必要时宁可重建一层新巢，也不要把未来交给会吞掉你的东西。,边界;风险;止损
MSMX072,《我梦碎，所以我梦醒》,060.“黄莺”梦碎.txt,“黄莺”梦碎,守住边界有时要付出未来成本,李敖写黄莺一层层加巢，虽然坚决拒绝贼蛋，却可能失去自己的后代，显示有些抵抗并不浪漫。人生中守住边界、名分和家园，有时会让自己付出巨大成本，甚至牺牲一部分本可展开的未来。清醒之处在于明白代价，而不是把每一次坚持都想象成必然圆满。,边界;原则;代价
MSMX073,《我梦碎，所以我梦醒》,061.梦醒时分.txt,梦醒时分,醒来以后还要选择方向,李敖在“梦醒时分”提醒人，梦碎以后不是躺在废墟里叹气，而是要决定往哪里走。人生中看破幻觉只是第一步，若没有新的方向，清醒也会变成空洞的愤怒。真正的梦醒，是承认旧路断了之后，还能整理残余、辨认可走之处，并把下一步落到现实地面上。,梦醒;方向;重建
MSMX074,《我梦碎，所以我梦醒》,061.梦醒时分.txt,梦醒时分,分清对象和它的暂时管理者,李敖区分中国与共产党，放到人生判断里，就是不要把一个更大的对象和一时掌握它的人混为一谈。人生中不喜欢某个管理者，不等于要否定整个事业；受伤于一个成员，也不等于整段关系都没有价值。清醒判断要能分层，看清什么是暂时执掌，什么是更深、更久的对象。,分层;整体;判断
MSMX075,《我梦碎，所以我梦醒》,061.梦醒时分.txt,梦醒时分,周旋现实比蛮干更能保存机会,李敖主张梦醒后要与现实周旋，而不是靠蛮干证明自己纯粹。人生中面对强大结构、复杂关系和历史包袱，直冲未必就是勇敢，可能只是把自己过早耗尽。会周旋的人不是没有立场，而是知道机会需要保存，行动需要空间，很多改变要在缝隙里慢慢推进。,周旋;机会;现实
MSMX076,《我梦碎，所以我梦醒》,061.梦醒时分.txt,梦醒时分,读文本比听事后解释可靠,李敖提醒人要看宪法和文件原文，而不是轻信后来各种拖延解释。人生中遇到承诺、合同、制度和权利，最可靠的起点是文本本身：它原来怎么写，谁有义务，期限在哪里。事后解释常会随着利益改变，原文却能帮你抓住最初的边界。,文本;承诺;边界
MSMX077,《我梦碎，所以我梦醒》,061.梦醒时分.txt,梦醒时分,小力量可以把战场定在透明度,李敖说第三势力未必能阻止密室交易，却能把交易过程揭开，说明弱势者也能选择自己的有效战场。人生中不要因为无法决定最终结果就放弃行动；你也许不能拍板，却能记录、公开、追问、留下证据。把有限力量用在透明度上，常比空喊改变更实际。,小力量;透明;战场
MSMX078,《我梦碎，所以我梦醒》,061.梦醒时分.txt,梦醒时分,不要把全部本领押在不适合的战场,李敖在香港问题上提醒经济力量不要陷入不擅长的政治泥淖，可转成一种人生策略：知道自己的主战场，比盲目响应每个号召更重要。人生中资源有限，若把全部本领押到别人设定的战场，可能丢掉真正能影响局面的优势。选择战场，是成熟行动的一部分。,战场;优势;策略
MSMX079,《我梦碎，所以我梦醒》,061.梦醒时分.txt,梦醒时分,好好活过敌人也是一种胜利,李敖赞成不要被仇恨和痛苦拖进自毁，而要用好脑筋识破骗局、好好活过敌人。人生中面对压迫、背叛或羞辱，最痛快的反击未必是同归于尽，而是保存健康、能力和快乐，让对方不能继续支配你的余生。活得长、活得清醒、活得有滋味，有时比悲壮更有力量。,生存;胜利;清醒
